consumer,backend,n,p,density,normalization,phase,iterations,forward,transpose,rejected_trials,clones,allocations,bytes,clone_allocations,clone_bytes,stats_allocations,stats_bytes,predictor_sized_calls,design_sized_calls,peak_extra_live_bytes,elapsed_ns
shrinkage,ndarray_dense,512,32,1,centered,lazy_fit,67,142,68,6,0,10,17920,0,0,1,256,0,0,17920,1426520
shrinkage,ndarray_dense,512,32,1,centered,eager_build,0,0,0,0,0,3,131584,0,0,1,256,1,0,131584,60542
shrinkage,ndarray_dense,512,32,1,centered,eager_fit,67,142,68,6,0,9,17664,0,0,0,0,0,0,17664,1415642
shrinkage,ndarray_dense,512,32,1,standardized,lazy_fit,27,63,28,7,63,75,34560,63,16128,3,768,0,0,18432,683794
shrinkage,ndarray_dense,512,32,1,standardized,eager_build,0,0,0,0,0,6,132352,0,0,3,768,1,0,132096,84331
shrinkage,ndarray_dense,512,32,1,standardized,eager_fit,27,63,28,7,0,9,17664,0,0,0,0,0,0,17664,649639
shrinkage,faer_dense,512,32,1,centered,lazy_fit,67,142,68,6,0,10,17920,0,0,1,256,0,0,17920,3836867
shrinkage,faer_dense,512,32,1,centered,eager_build,0,0,0,0,0,3,131584,0,0,1,256,1,0,131584,29368
shrinkage,faer_dense,512,32,1,centered,eager_fit,67,142,68,6,0,9,17664,0,0,0,0,0,0,17664,3812343
shrinkage,faer_dense,512,32,1,standardized,lazy_fit,27,63,28,7,63,75,34560,63,16128,3,768,0,0,18432,1722637
shrinkage,faer_dense,512,32,1,standardized,eager_build,0,0,0,0,0,6,132352,0,0,3,768,1,0,132096,88941
shrinkage,faer_dense,512,32,1,standardized,eager_fit,27,63,28,7,0,9,17664,0,0,0,0,0,0,17664,1654374
shrinkage,sprs_to_ndarray,512,32,1,centered,lazy_fit,67,142,68,6,0,10,17920,0,0,1,256,0,0,17920,3568035
shrinkage,sprs_to_ndarray,512,32,1,centered,eager_build,0,0,0,0,0,5,136192,0,0,1,256,1,0,135936,73313
shrinkage,sprs_to_ndarray,512,32,1,centered,eager_fit,67,142,68,6,0,9,17664,0,0,0,0,0,0,17664,1447890
shrinkage,sprs_to_ndarray,512,32,1,standardized,lazy_fit,27,63,28,7,63,75,34560,63,16128,3,768,0,0,18432,1589356
shrinkage,sprs_to_ndarray,512,32,1,standardized,eager_build,0,0,0,0,0,8,136960,0,0,3,768,1,0,136192,105273
shrinkage,sprs_to_ndarray,512,32,1,standardized,eager_fit,27,63,28,7,0,9,17664,0,0,0,0,0,0,17664,644019
shrinkage,faer_csc_to_dense,512,32,1,centered,lazy_fit,67,142,68,6,0,10,17920,0,0,1,256,0,0,17920,3010793
shrinkage,faer_csc_to_dense,512,32,1,centered,eager_build,0,0,0,0,0,5,136192,0,0,1,256,1,0,135936,108185
shrinkage,faer_csc_to_dense,512,32,1,centered,eager_fit,67,142,68,6,0,9,17664,0,0,0,0,0,0,17664,3490490
shrinkage,faer_csc_to_dense,512,32,1,standardized,lazy_fit,27,63,28,7,63,74,34304,63,16128,2,512,0,0,18432,1252864
shrinkage,faer_csc_to_dense,512,32,1,standardized,eager_build,0,0,0,0,0,7,136704,0,0,2,512,1,0,136192,100443
shrinkage,faer_csc_to_dense,512,32,1,standardized,eager_fit,27,63,28,7,0,9,17664,0,0,0,0,0,0,17664,1495229
shrinkage,ndarray_dense,512,32,0.1,centered,lazy_fit,93,194,94,6,0,10,17920,0,0,1,256,0,0,17920,1940143
shrinkage,ndarray_dense,512,32,0.1,centered,eager_build,0,0,0,0,0,3,131584,0,0,1,256,1,0,131584,56672
shrinkage,ndarray_dense,512,32,0.1,centered,eager_fit,93,194,94,6,0,9,17664,0,0,0,0,0,0,17664,1917696
shrinkage,ndarray_dense,512,32,0.1,standardized,lazy_fit,24,57,25,7,57,69,33024,57,14592,3,768,0,0,18432,625229
shrinkage,ndarray_dense,512,32,0.1,standardized,eager_build,0,0,0,0,0,6,132352,0,0,3,768,1,0,132096,85349
shrinkage,ndarray_dense,512,32,0.1,standardized,eager_fit,24,57,25,7,0,9,17664,0,0,0,0,0,0,17664,578127
shrinkage,faer_dense,512,32,0.1,centered,lazy_fit,93,194,94,6,0,10,17920,0,0,1,256,0,0,17920,5266338
shrinkage,faer_dense,512,32,0.1,centered,eager_build,0,0,0,0,0,3,131584,0,0,1,256,1,0,131584,29729
shrinkage,faer_dense,512,32,0.1,centered,eager_fit,93,194,94,6,0,9,17664,0,0,0,0,0,0,17664,5176053
shrinkage,faer_dense,512,32,0.1,standardized,lazy_fit,24,57,25,7,57,69,33024,57,14592,3,768,0,0,18432,1475750
shrinkage,faer_dense,512,32,0.1,standardized,eager_build,0,0,0,0,0,6,132352,0,0,3,768,1,0,132096,79597
shrinkage,faer_dense,512,32,0.1,standardized,eager_fit,24,57,25,7,0,9,17664,0,0,0,0,0,0,17664,1338331
shrinkage,sprs_to_ndarray,512,32,0.1,centered,lazy_fit,93,194,94,6,0,10,17920,0,0,1,256,0,0,17920,1554910
shrinkage,sprs_to_ndarray,512,32,0.1,centered,eager_build,0,0,0,0,0,5,136192,0,0,1,256,1,0,135936,47682
shrinkage,sprs_to_ndarray,512,32,0.1,centered,eager_fit,93,194,94,6,0,9,17664,0,0,0,0,0,0,17664,1910228
shrinkage,sprs_to_ndarray,512,32,0.1,standardized,lazy_fit,24,57,25,7,57,69,33024,57,14592,3,768,0,0,18432,468344
shrinkage,sprs_to_ndarray,512,32,0.1,standardized,eager_build,0,0,0,0,0,8,136960,0,0,3,768,1,0,136192,51346
shrinkage,sprs_to_ndarray,512,32,0.1,standardized,eager_fit,24,57,25,7,0,9,17664,0,0,0,0,0,0,17664,578573
shrinkage,faer_csc_to_dense,512,32,0.1,centered,lazy_fit,93,194,94,6,0,10,17920,0,0,1,256,0,0,17920,1417125
shrinkage,faer_csc_to_dense,512,32,0.1,centered,eager_build,0,0,0,0,0,5,136192,0,0,1,256,1,0,135936,33267
shrinkage,faer_csc_to_dense,512,32,0.1,centered,eager_fit,93,194,94,6,0,9,17664,0,0,0,0,0,0,17664,5269612
shrinkage,faer_csc_to_dense,512,32,0.1,standardized,lazy_fit,24,57,25,7,57,68,32768,57,14592,2,512,0,0,18432,417670
shrinkage,faer_csc_to_dense,512,32,0.1,standardized,eager_build,0,0,0,0,0,7,136704,0,0,2,512,1,0,136192,52352
shrinkage,faer_csc_to_dense,512,32,0.1,standardized,eager_fit,24,57,25,7,0,9,17664,0,0,0,0,0,0,17664,1509713
shrinkage,ndarray_dense,2048,128,1,centered,lazy_fit,68,144,69,6,0,10,71680,0,0,1,1024,0,0,71680,13902335
shrinkage,ndarray_dense,2048,128,1,centered,eager_build,0,0,0,0,0,3,2099200,0,0,1,1024,1,0,2099200,2082636
shrinkage,ndarray_dense,2048,128,1,centered,eager_fit,68,144,69,6,0,9,70656,0,0,0,0,0,0,70656,14476843
shrinkage,ndarray_dense,2048,128,1,standardized,lazy_fit,25,59,26,7,59,71,134144,59,60416,3,3072,0,0,73728,6517124
shrinkage,ndarray_dense,2048,128,1,standardized,eager_build,0,0,0,0,0,6,2102272,0,0,3,3072,1,0,2101248,2528790
shrinkage,ndarray_dense,2048,128,1,standardized,eager_fit,25,59,26,7,0,9,70656,0,0,0,0,0,0,70656,6264362
shrinkage,faer_dense,2048,128,1,centered,lazy_fit,68,144,69,6,0,10,71680,0,0,1,1024,0,0,71680,58720107
shrinkage,faer_dense,2048,128,1,centered,eager_build,0,0,0,0,0,3,2099200,0,0,1,1024,1,0,2099200,526830
shrinkage,faer_dense,2048,128,1,centered,eager_fit,68,144,69,6,0,9,70656,0,0,0,0,0,0,70656,59199143
shrinkage,faer_dense,2048,128,1,standardized,lazy_fit,25,59,26,7,59,71,134144,59,60416,3,3072,0,0,73728,24888368
shrinkage,faer_dense,2048,128,1,standardized,eager_build,0,0,0,0,0,6,2102272,0,0,3,3072,1,0,2101248,1527431
shrinkage,faer_dense,2048,128,1,standardized,eager_fit,25,59,26,7,0,9,70656,0,0,0,0,0,0,70656,24098192
shrinkage,sprs_to_ndarray,2048,128,1,centered,lazy_fit,68,144,69,6,0,10,71680,0,0,1,1024,0,0,71680,46674324
shrinkage,sprs_to_ndarray,2048,128,1,centered,eager_build,0,0,0,0,0,5,2117632,0,0,1,1024,1,0,2116608,2563003
shrinkage,sprs_to_ndarray,2048,128,1,centered,eager_fit,68,144,69,6,0,9,70656,0,0,0,0,0,0,70656,15428762
shrinkage,sprs_to_ndarray,2048,128,1,standardized,lazy_fit,25,59,26,7,59,71,134144,59,60416,3,3072,0,0,73728,19559790
shrinkage,sprs_to_ndarray,2048,128,1,standardized,eager_build,0,0,0,0,0,8,2120704,0,0,3,3072,1,0,2117632,2890283
shrinkage,sprs_to_ndarray,2048,128,1,standardized,eager_fit,25,59,26,7,0,9,70656,0,0,0,0,0,0,70656,6346532
shrinkage,faer_csc_to_dense,2048,128,1,centered,lazy_fit,68,144,69,6,0,10,71680,0,0,1,1024,0,0,71680,39914799
shrinkage,faer_csc_to_dense,2048,128,1,centered,eager_build,0,0,0,0,0,5,2117632,0,0,1,1024,1,0,2116608,987340
shrinkage,faer_csc_to_dense,2048,128,1,centered,eager_fit,68,144,69,6,0,9,70656,0,0,0,0,0,0,70656,57129570
shrinkage,faer_csc_to_dense,2048,128,1,standardized,lazy_fit,25,59,26,7,59,70,133120,59,60416,2,2048,0,0,73728,16530796
shrinkage,faer_csc_to_dense,2048,128,1,standardized,eager_build,0,0,0,0,0,7,2119680,0,0,2,2048,1,0,2117632,1813987
shrinkage,faer_csc_to_dense,2048,128,1,standardized,eager_fit,25,59,26,7,0,9,70656,0,0,0,0,0,0,70656,23248905
shrinkage,ndarray_dense,2048,128,0.1,centered,lazy_fit,93,194,94,6,0,10,71680,0,0,1,1024,0,0,71680,19102240
shrinkage,ndarray_dense,2048,128,0.1,centered,eager_build,0,0,0,0,0,3,2099200,0,0,1,1024,1,0,2099200,2169457
shrinkage,ndarray_dense,2048,128,0.1,centered,eager_fit,93,194,94,6,0,9,70656,0,0,0,0,0,0,70656,21596450
shrinkage,ndarray_dense,2048,128,0.1,standardized,lazy_fit,23,55,24,7,55,67,130048,55,56320,3,3072,0,0,73728,6620245
shrinkage,ndarray_dense,2048,128,0.1,standardized,eager_build,0,0,0,0,0,6,2102272,0,0,3,3072,1,0,2101248,2700351
shrinkage,ndarray_dense,2048,128,0.1,standardized,eager_fit,23,55,24,7,0,9,70656,0,0,0,0,0,0,70656,6348207
shrinkage,faer_dense,2048,128,0.1,centered,lazy_fit,93,194,94,6,0,10,71680,0,0,1,1024,0,0,71680,76407566
shrinkage,faer_dense,2048,128,0.1,centered,eager_build,0,0,0,0,0,3,2099200,0,0,1,1024,1,0,2099200,537318
shrinkage,faer_dense,2048,128,0.1,centered,eager_fit,93,194,94,6,0,9,70656,0,0,0,0,0,0,70656,72076309
shrinkage,faer_dense,2048,128,0.1,standardized,lazy_fit,23,55,24,7,55,67,130048,55,56320,3,3072,0,0,73728,23838624
shrinkage,faer_dense,2048,128,0.1,standardized,eager_build,0,0,0,0,0,6,2102272,0,0,3,3072,1,0,2101248,1631676
shrinkage,faer_dense,2048,128,0.1,standardized,eager_fit,23,55,24,7,0,9,70656,0,0,0,0,0,0,70656,25128687
shrinkage,sprs_to_ndarray,2048,128,0.1,centered,lazy_fit,93,194,94,6,0,10,71680,0,0,1,1024,0,0,71680,12815587
shrinkage,sprs_to_ndarray,2048,128,0.1,centered,eager_build,0,0,0,0,0,5,2117632,0,0,1,1024,1,0,2116608,1685595
shrinkage,sprs_to_ndarray,2048,128,0.1,centered,eager_fit,93,194,94,6,0,9,70656,0,0,0,0,0,0,70656,18742417
shrinkage,sprs_to_ndarray,2048,128,0.1,standardized,lazy_fit,23,55,24,7,55,67,130048,55,56320,3,3072,0,0,73728,3161252
shrinkage,sprs_to_ndarray,2048,128,0.1,standardized,eager_build,0,0,0,0,0,8,2120704,0,0,3,3072,1,0,2117632,1796646
shrinkage,sprs_to_ndarray,2048,128,0.1,standardized,eager_fit,23,55,24,7,0,9,70656,0,0,0,0,0,0,70656,5750954
shrinkage,faer_csc_to_dense,2048,128,0.1,centered,lazy_fit,93,194,94,6,0,10,71680,0,0,1,1024,0,0,71680,9152819
shrinkage,faer_csc_to_dense,2048,128,0.1,centered,eager_build,0,0,0,0,0,5,2117632,0,0,1,1024,1,0,2116608,538251
shrinkage,faer_csc_to_dense,2048,128,0.1,centered,eager_fit,93,194,94,6,0,9,70656,0,0,0,0,0,0,70656,72201364
shrinkage,faer_csc_to_dense,2048,128,0.1,standardized,lazy_fit,23,55,24,7,55,66,129024,55,56320,2,2048,0,0,73728,2490412
shrinkage,faer_csc_to_dense,2048,128,0.1,standardized,eager_build,0,0,0,0,0,7,2119680,0,0,2,2048,1,0,2117632,803226
shrinkage,faer_csc_to_dense,2048,128,0.1,standardized,eager_fit,23,55,24,7,0,9,70656,0,0,0,0,0,0,70656,20055919
