consumer,backend,n,p,density,normalization,phase,iterations,forward,transpose,rejected_trials,clones,allocations,bytes,clone_allocations,clone_bytes,stats_allocations,stats_bytes,predictor_sized_calls,design_sized_calls
shrinkage,faer_dense,512,32,1,raw,fit,67,142,68,6,0,9,17664,0,0,0,0,0,0
shrinkage,faer_dense,512,32,1,centered,fit,67,142,68,6,0,10,17920,0,0,1,256,0,0
shrinkage,faer_dense,512,32,1,standardized,fit,27,63,28,7,63,75,34560,63,16128,3,768,0,0
shrinkage,ndarray_dense,512,32,1,raw,fit,67,142,68,6,0,9,17664,0,0,0,0,0,0
shrinkage,ndarray_dense,512,32,1,centered,fit,67,142,68,6,0,10,17920,0,0,1,256,0,0
shrinkage,ndarray_dense,512,32,1,standardized,fit,27,63,28,7,63,75,34560,63,16128,3,768,0,0
shrinkage,faer_csc,512,32,1,raw,fit,67,142,68,6,0,9,17664,0,0,0,0,0,0
shrinkage,faer_csc,512,32,1,centered,fit,67,142,68,6,0,10,17920,0,0,1,256,0,0
shrinkage,faer_csc,512,32,1,standardized,fit,27,63,28,7,63,74,34304,63,16128,2,512,0,0
shrinkage,sprs_csc,512,32,1,raw,fit,67,142,68,6,0,9,17664,0,0,0,0,0,0
shrinkage,sprs_csc,512,32,1,centered,fit,67,142,68,6,0,10,17920,0,0,1,256,0,0
shrinkage,sprs_csc,512,32,1,standardized,fit,27,63,28,7,63,75,34560,63,16128,3,768,0,0
ndarray_glm_linear,ndarray_dense,512,32,1,raw,build,1,,,,,11,278496,,,,,1,1
ndarray_glm_linear,ndarray_dense,512,32,1,raw,fit,1,,,,,344,1644164,,,,,0,6
ndarray_glm_linear,ndarray_dense,512,32,1,raw,predict,1,,,,,4,147456,,,,,0,1
ndarray_glm_linear,ndarray_dense,512,32,1,standardized,build,1,,,,,20,677088,,,,,4,1
ndarray_glm_linear,ndarray_dense,512,32,1,standardized,fit,1,,,,,346,1644676,,,,,0,6
ndarray_glm_linear,ndarray_dense,512,32,1,standardized,predict,1,,,,,4,147456,,,,,0,1
ndarray_glm_logistic,ndarray_dense,512,32,1,raw,build,5,,,,,11,278496,,,,,1,1
ndarray_glm_logistic,ndarray_dense,512,32,1,raw,fit,5,,,,,408,2981356,,,,,0,14
ndarray_glm_logistic,ndarray_dense,512,32,1,raw,predict,5,,,,,4,147456,,,,,0,1
ndarray_glm_logistic,ndarray_dense,512,32,1,standardized,build,4,,,,,20,677088,,,,,4,1
ndarray_glm_logistic,ndarray_dense,512,32,1,standardized,fit,4,,,,,394,2647408,,,,,0,12
ndarray_glm_logistic,ndarray_dense,512,32,1,standardized,predict,4,,,,,4,147456,,,,,0,1
shrinkage,faer_dense,512,32,0.1,raw,fit,93,194,94,6,0,9,17664,0,0,0,0,0,0
shrinkage,faer_dense,512,32,0.1,centered,fit,93,194,94,6,0,10,17920,0,0,1,256,0,0
shrinkage,faer_dense,512,32,0.1,standardized,fit,24,57,25,7,57,69,33024,57,14592,3,768,0,0
shrinkage,ndarray_dense,512,32,0.1,raw,fit,93,194,94,6,0,9,17664,0,0,0,0,0,0
shrinkage,ndarray_dense,512,32,0.1,centered,fit,93,194,94,6,0,10,17920,0,0,1,256,0,0
shrinkage,ndarray_dense,512,32,0.1,standardized,fit,24,57,25,7,57,69,33024,57,14592,3,768,0,0
shrinkage,faer_csc,512,32,0.1,raw,fit,93,194,94,6,0,9,17664,0,0,0,0,0,0
shrinkage,faer_csc,512,32,0.1,centered,fit,93,194,94,6,0,10,17920,0,0,1,256,0,0
shrinkage,faer_csc,512,32,0.1,standardized,fit,24,57,25,7,57,68,32768,57,14592,2,512,0,0
shrinkage,sprs_csc,512,32,0.1,raw,fit,93,194,94,6,0,9,17664,0,0,0,0,0,0
shrinkage,sprs_csc,512,32,0.1,centered,fit,93,194,94,6,0,10,17920,0,0,1,256,0,0
shrinkage,sprs_csc,512,32,0.1,standardized,fit,24,57,25,7,57,69,33024,57,14592,3,768,0,0
ndarray_glm_linear,ndarray_dense,512,32,0.1,raw,build,1,,,,,11,278496,,,,,1,1
ndarray_glm_linear,ndarray_dense,512,32,0.1,raw,fit,1,,,,,344,1644164,,,,,0,6
ndarray_glm_linear,ndarray_dense,512,32,0.1,raw,predict,1,,,,,4,147456,,,,,0,1
ndarray_glm_linear,ndarray_dense,512,32,0.1,standardized,build,1,,,,,20,677088,,,,,4,1
ndarray_glm_linear,ndarray_dense,512,32,0.1,standardized,fit,1,,,,,346,1644676,,,,,0,6
ndarray_glm_linear,ndarray_dense,512,32,0.1,standardized,predict,1,,,,,4,147456,,,,,0,1
ndarray_glm_logistic,ndarray_dense,512,32,0.1,raw,build,5,,,,,11,278496,,,,,1,1
ndarray_glm_logistic,ndarray_dense,512,32,0.1,raw,fit,5,,,,,404,2972636,,,,,0,14
ndarray_glm_logistic,ndarray_dense,512,32,0.1,raw,predict,5,,,,,4,147456,,,,,0,1
ndarray_glm_logistic,ndarray_dense,512,32,0.1,standardized,build,5,,,,,20,677088,,,,,4,1
ndarray_glm_logistic,ndarray_dense,512,32,0.1,standardized,fit,5,,,,,414,2982892,,,,,0,14
ndarray_glm_logistic,ndarray_dense,512,32,0.1,standardized,predict,5,,,,,4,147456,,,,,0,1
shrinkage,faer_dense,2048,128,1,raw,fit,68,144,69,6,0,9,70656,0,0,0,0,0,0
shrinkage,faer_dense,2048,128,1,centered,fit,68,144,69,6,0,10,71680,0,0,1,1024,0,0
shrinkage,faer_dense,2048,128,1,standardized,fit,25,59,26,7,59,71,134144,59,60416,3,3072,0,0
shrinkage,ndarray_dense,2048,128,1,raw,fit,68,144,69,6,0,9,70656,0,0,0,0,0,0
shrinkage,ndarray_dense,2048,128,1,centered,fit,68,144,69,6,0,10,71680,0,0,1,1024,0,0
shrinkage,ndarray_dense,2048,128,1,standardized,fit,25,59,26,7,59,71,134144,59,60416,3,3072,0,0
shrinkage,faer_csc,2048,128,1,raw,fit,68,144,69,6,0,9,70656,0,0,0,0,0,0
shrinkage,faer_csc,2048,128,1,centered,fit,68,144,69,6,0,10,71680,0,0,1,1024,0,0
shrinkage,faer_csc,2048,128,1,standardized,fit,25,59,26,7,59,70,133120,59,60416,2,2048,0,0
shrinkage,sprs_csc,2048,128,1,raw,fit,68,144,69,6,0,9,70656,0,0,0,0,0,0
shrinkage,sprs_csc,2048,128,1,centered,fit,68,144,69,6,0,10,71680,0,0,1,1024,0,0
shrinkage,sprs_csc,2048,128,1,standardized,fit,25,59,26,7,59,71,134144,59,60416,3,3072,0,0
ndarray_glm_linear,ndarray_dense,2048,128,1,raw,build,1,,,,,13,4259808,,,,,1,1
ndarray_glm_linear,ndarray_dense,2048,128,1,raw,fit,1,,,,,336,16524772,,,,,0,6
ndarray_glm_linear,ndarray_dense,2048,128,1,raw,predict,1,,,,,4,2162688,,,,,0,1
ndarray_glm_linear,ndarray_dense,2048,128,1,standardized,build,2,,,,,22,10572768,,,,,4,1
ndarray_glm_linear,ndarray_dense,2048,128,1,standardized,fit,2,,,,,344,16563708,,,,,0,6
ndarray_glm_linear,ndarray_dense,2048,128,1,standardized,predict,2,,,,,4,2162688,,,,,0,1
ndarray_glm_logistic,ndarray_dense,2048,128,1,raw,build,4,,,,,13,4259808,,,,,1,1
ndarray_glm_logistic,ndarray_dense,2048,128,1,raw,fit,4,,,,,381,30554704,,,,,0,12
ndarray_glm_logistic,ndarray_dense,2048,128,1,raw,predict,4,,,,,4,2162688,,,,,0,1
ndarray_glm_logistic,ndarray_dense,2048,128,1,standardized,build,4,,,,,22,10572768,,,,,4,1
ndarray_glm_logistic,ndarray_dense,2048,128,1,standardized,fit,4,,,,,386,30559824,,,,,0,12
ndarray_glm_logistic,ndarray_dense,2048,128,1,standardized,predict,4,,,,,4,2162688,,,,,0,1
shrinkage,faer_dense,2048,128,0.1,raw,fit,183,375,184,7,0,9,70656,0,0,0,0,0,0
shrinkage,faer_dense,2048,128,0.1,centered,fit,93,194,94,6,0,10,71680,0,0,1,1024,0,0
shrinkage,faer_dense,2048,128,0.1,standardized,fit,23,55,24,7,55,67,130048,55,56320,3,3072,0,0
shrinkage,ndarray_dense,2048,128,0.1,raw,fit,183,375,184,7,0,9,70656,0,0,0,0,0,0
shrinkage,ndarray_dense,2048,128,0.1,centered,fit,93,194,94,6,0,10,71680,0,0,1,1024,0,0
shrinkage,ndarray_dense,2048,128,0.1,standardized,fit,23,55,24,7,55,67,130048,55,56320,3,3072,0,0
shrinkage,faer_csc,2048,128,0.1,raw,fit,183,375,184,7,0,9,70656,0,0,0,0,0,0
shrinkage,faer_csc,2048,128,0.1,centered,fit,93,194,94,6,0,10,71680,0,0,1,1024,0,0
shrinkage,faer_csc,2048,128,0.1,standardized,fit,23,55,24,7,55,66,129024,55,56320,2,2048,0,0
shrinkage,sprs_csc,2048,128,0.1,raw,fit,183,375,184,7,0,9,70656,0,0,0,0,0,0
shrinkage,sprs_csc,2048,128,0.1,centered,fit,93,194,94,6,0,10,71680,0,0,1,1024,0,0
shrinkage,sprs_csc,2048,128,0.1,standardized,fit,23,55,24,7,55,67,130048,55,56320,3,3072,0,0
ndarray_glm_linear,ndarray_dense,2048,128,0.1,raw,build,1,,,,,13,4259808,,,,,1,1
ndarray_glm_linear,ndarray_dense,2048,128,0.1,raw,fit,1,,,,,336,16524772,,,,,0,6
ndarray_glm_linear,ndarray_dense,2048,128,0.1,raw,predict,1,,,,,4,2162688,,,,,0,1
ndarray_glm_linear,ndarray_dense,2048,128,0.1,standardized,build,1,,,,,22,10572768,,,,,4,1
ndarray_glm_linear,ndarray_dense,2048,128,0.1,standardized,fit,1,,,,,338,16526820,,,,,0,6
ndarray_glm_linear,ndarray_dense,2048,128,0.1,standardized,predict,1,,,,,4,2162688,,,,,0,1
ndarray_glm_logistic,ndarray_dense,2048,128,0.1,raw,build,3,,,,,13,4259808,,,,,1,1
ndarray_glm_logistic,ndarray_dense,2048,128,0.1,raw,fit,3,,,,,366,25878060,,,,,0,10
ndarray_glm_logistic,ndarray_dense,2048,128,0.1,raw,predict,3,,,,,4,2162688,,,,,0,1
ndarray_glm_logistic,ndarray_dense,2048,128,0.1,standardized,build,4,,,,,22,10572768,,,,,4,1
ndarray_glm_logistic,ndarray_dense,2048,128,0.1,standardized,fit,4,,,,,454,31121264,,,,,0,12
ndarray_glm_logistic,ndarray_dense,2048,128,0.1,standardized,predict,4,,,,,4,2162688,,,,,0,1
