backend,rows,predictors,density,normalization,intercept,operation,path,batch_size,allocations,requested_bytes,mean_batch_ns,lower_batch_ns,upper_batch_ns,operations_per_second
faer_csc,10000,128,0.01,centered,true,iteration,overwrite,10,20,20480,336248.792,336111.020,336402.208,29739.884
faer_csc,10000,128,0.01,centered,true,iteration,workspace,10,0,0,374742.894,374536.338,374989.474,26684.962
faer_csc,10000,128,0.01,centered,false,iteration,overwrite,10,0,0,247779.450,247641.060,247931.357,40358.472
faer_csc,10000,128,0.01,centered,false,iteration,workspace,10,0,0,278136.125,278006.138,278264.020,35953.618
faer_csc,10000,128,0.01,raw,true,iteration,overwrite,10,20,20480,270117.095,269997.681,270257.878,37020.982
faer_csc,10000,128,0.01,raw,true,iteration,workspace,10,0,0,278690.983,278141.324,279635.608,35882.036
faer_csc,10000,128,0.01,raw,false,iteration,overwrite,10,0,0,178492.469,178342.668,178645.949,56024.773
faer_csc,10000,128,0.01,raw,false,iteration,workspace,10,0,0,178161.347,177370.294,179571.076,56128.898
faer_csc,10000,128,0.01,standardized,true,iteration,overwrite,10,30,30720,340000.679,339748.966,340243.292,29411.706
faer_csc,10000,128,0.01,standardized,true,iteration,workspace,10,20,20480,369577.374,369235.894,370021.524,27057.933
faer_csc,10000,128,0.01,standardized,false,iteration,overwrite,10,10,10240,248572.138,248481.162,248668.303,40229.770
faer_csc,10000,128,0.01,standardized,false,iteration,workspace,10,0,0,271177.437,271020.294,271365.672,36876.224
faer_csc,10000,128,0.1,centered,true,iteration,overwrite,10,20,20480,1661521.242,1659675.100,1663503.679,6018.581
faer_csc,10000,128,0.1,centered,true,iteration,workspace,10,0,0,2273177.864,2265501.330,2281365.198,4399.128
faer_csc,10000,128,0.1,centered,false,iteration,overwrite,10,0,0,2814511.420,2686095.469,2918209.448,3553.015
faer_csc,10000,128,0.1,centered,false,iteration,workspace,10,0,0,2452903.744,2255138.333,2637641.704,4076.801
faer_csc,10000,128,0.1,raw,true,iteration,overwrite,10,20,20480,2589160.469,2356614.971,2799255.686,3862.256
faer_csc,10000,128,0.1,raw,true,iteration,workspace,10,0,0,2527941.159,2430027.720,2634012.282,3955.788
faer_csc,10000,128,0.1,raw,false,iteration,overwrite,10,0,0,1494345.096,1493313.873,1495456.973,6691.895
faer_csc,10000,128,0.1,raw,false,iteration,workspace,10,0,0,1756577.905,1627688.938,1903553.698,5692.887
faer_csc,10000,128,0.1,standardized,true,iteration,overwrite,10,30,30720,2153009.315,2146493.001,2160391.670,4644.662
faer_csc,10000,128,0.1,standardized,true,iteration,workspace,10,20,20480,2203525.967,2199822.685,2208116.649,4538.181
faer_csc,10000,128,0.1,standardized,false,iteration,overwrite,10,10,10240,2031017.697,2028311.226,2034657.961,4923.640
faer_csc,10000,128,0.1,standardized,false,iteration,workspace,10,0,0,2074508.544,2067565.452,2080045.195,4820.419
faer_csc,2000,32,0.01,centered,true,iteration,overwrite,10,20,5120,48240.366,48176.525,48306.652,207295.276
faer_csc,2000,32,0.01,centered,true,iteration,workspace,10,0,0,57426.051,57375.175,57484.862,174136.997
faer_csc,2000,32,0.01,centered,false,iteration,overwrite,10,0,0,31080.490,30955.464,31207.918,321745.251
faer_csc,2000,32,0.01,centered,false,iteration,workspace,10,0,0,39338.582,38367.156,40686.061,254203.364
faer_csc,2000,32,0.01,raw,true,iteration,overwrite,10,20,5120,35259.894,35085.246,35478.233,283608.343
faer_csc,2000,32,0.01,raw,true,iteration,workspace,10,0,0,38106.245,38057.220,38170.143,262424.178
faer_csc,2000,32,0.01,raw,false,iteration,overwrite,10,0,0,17075.925,16996.121,17211.283,585619.830
faer_csc,2000,32,0.01,raw,false,iteration,workspace,10,0,0,17628.298,17511.711,17811.197,567269.737
faer_csc,2000,32,0.01,standardized,true,iteration,overwrite,10,30,7680,48930.388,48891.149,48971.058,204371.974
faer_csc,2000,32,0.01,standardized,true,iteration,workspace,10,20,5120,56090.057,56061.037,56124.617,178284.719
faer_csc,2000,32,0.01,standardized,false,iteration,overwrite,10,10,2560,30992.058,30859.743,31200.146,322663.308
faer_csc,2000,32,0.01,standardized,false,iteration,workspace,10,0,0,36349.706,36333.950,36366.419,275105.390
faer_csc,2000,32,0.1,centered,true,iteration,overwrite,10,20,5120,100864.146,99682.173,102306.026,99143.257
faer_csc,2000,32,0.1,centered,true,iteration,workspace,10,0,0,108192.261,108027.923,108377.105,92428.053
faer_csc,2000,32,0.1,centered,false,iteration,overwrite,10,0,0,81248.753,81174.698,81344.252,123078.811
faer_csc,2000,32,0.1,centered,false,iteration,workspace,10,0,0,89236.743,88724.633,89831.443,112061.463
faer_csc,2000,32,0.1,raw,true,iteration,overwrite,10,20,5120,85147.013,85096.587,85210.618,117443.933
faer_csc,2000,32,0.1,raw,true,iteration,workspace,10,0,0,88421.042,88387.518,88452.157,113095.252
faer_csc,2000,32,0.1,raw,false,iteration,overwrite,10,0,0,67549.081,67527.223,67575.576,148040.504
faer_csc,2000,32,0.1,raw,false,iteration,workspace,10,0,0,68053.976,67845.394,68283.672,146942.186
faer_csc,2000,32,0.1,standardized,true,iteration,overwrite,10,30,7680,99792.964,99729.196,99843.943,100207.466
faer_csc,2000,32,0.1,standardized,true,iteration,workspace,10,20,5120,106427.141,106380.010,106476.904,93960.995
faer_csc,2000,32,0.1,standardized,false,iteration,overwrite,10,10,2560,81331.063,81273.121,81396.607,122954.252
faer_csc,2000,32,0.1,standardized,false,iteration,workspace,10,0,0,86233.877,86194.820,86274.242,115963.706
faer_dense,10000,128,1,centered,true,iteration,overwrite,10,20,20480,14392664.900,14384459.376,14401153.318,694.798
faer_dense,10000,128,1,centered,true,iteration,workspace,10,0,0,14539225.000,14485918.827,14609958.669,687.795
faer_dense,10000,128,1,centered,false,iteration,overwrite,10,0,0,14321806.025,14313421.914,14331434.427,698.236
faer_dense,10000,128,1,centered,false,iteration,workspace,10,0,0,14379753.250,14371837.043,14388132.943,695.422
faer_dense,10000,128,1,raw,true,iteration,overwrite,10,20,20480,14326510.700,14319254.387,14335346.720,698.007
faer_dense,10000,128,1,raw,true,iteration,workspace,10,0,0,14324000.350,14316240.458,14332767.084,698.129
faer_dense,10000,128,1,raw,false,iteration,overwrite,10,0,0,14267785.175,14260591.154,14275460.046,700.880
faer_dense,10000,128,1,raw,false,iteration,workspace,10,0,0,14280804.125,14253593.952,14321344.682,700.241
faer_dense,10000,128,1,standardized,true,iteration,overwrite,10,30,30720,14387020.375,14373015.207,14403483.456,695.071
faer_dense,10000,128,1,standardized,true,iteration,workspace,10,20,20480,16005402.025,15984781.310,16030749.109,624.789
faer_dense,10000,128,1,standardized,false,iteration,overwrite,10,10,10240,14318909.325,14313645.554,14324510.506,698.377
faer_dense,10000,128,1,standardized,false,iteration,workspace,10,0,0,14355391.025,14346228.695,14366460.671,696.602
faer_dense,2000,32,1,centered,true,iteration,overwrite,10,20,5120,668376.287,668124.945,668631.368,14961.632
faer_dense,2000,32,1,centered,true,iteration,workspace,10,0,0,674217.757,673847.033,674617.188,14832.003
faer_dense,2000,32,1,centered,false,iteration,overwrite,10,0,0,650585.677,649867.227,651313.197,15370.766
faer_dense,2000,32,1,centered,false,iteration,workspace,10,0,0,656058.955,655633.342,656429.744,15242.533
faer_dense,2000,32,1,raw,true,iteration,overwrite,10,20,5120,652945.025,652372.323,653606.455,15315.225
faer_dense,2000,32,1,raw,true,iteration,workspace,10,0,0,657258.354,656748.014,657891.775,15214.717
faer_dense,2000,32,1,raw,false,iteration,overwrite,10,0,0,634232.391,634019.246,634441.873,15767.091
faer_dense,2000,32,1,raw,false,iteration,workspace,10,0,0,636160.905,635733.923,636628.595,15719.294
faer_dense,2000,32,1,standardized,true,iteration,overwrite,10,30,7680,669545.707,669058.864,669980.609,14935.500
faer_dense,2000,32,1,standardized,true,iteration,workspace,10,20,5120,681765.996,680903.150,682730.831,14667.789
faer_dense,2000,32,1,standardized,false,iteration,overwrite,10,10,2560,651339.574,651117.363,651578.923,15352.975
faer_dense,2000,32,1,standardized,false,iteration,workspace,10,0,0,658621.847,658094.200,659206.889,15183.219
nalgebra_csc,10000,128,0.01,centered,true,iteration,overwrite,10,20,20480,639294.407,639083.528,639513.609,15642.245
nalgebra_csc,10000,128,0.01,centered,true,iteration,workspace,10,0,0,670855.860,670619.634,671109.576,14906.332
nalgebra_csc,10000,128,0.01,centered,false,iteration,overwrite,10,0,0,541879.012,541605.162,542198.028,18454.304
nalgebra_csc,10000,128,0.01,centered,false,iteration,workspace,10,0,0,564812.335,564565.297,565190.784,17704.996
nalgebra_csc,10000,128,0.01,raw,true,iteration,overwrite,10,20,20480,573306.839,573034.950,573626.591,17442.667
nalgebra_csc,10000,128,0.01,raw,true,iteration,workspace,10,0,0,572665.520,572524.605,572815.427,17462.200
nalgebra_csc,10000,128,0.01,raw,false,iteration,overwrite,10,0,0,475327.558,475113.250,475565.477,21038.124
nalgebra_csc,10000,128,0.01,raw,false,iteration,workspace,10,0,0,475580.525,475336.242,475793.127,21026.933
nalgebra_csc,10000,128,0.01,standardized,true,iteration,overwrite,10,30,30720,640441.456,640198.272,640706.425,15614.230
nalgebra_csc,10000,128,0.01,standardized,true,iteration,workspace,10,20,20480,672096.197,671708.667,672624.951,14878.822
nalgebra_csc,10000,128,0.01,standardized,false,iteration,overwrite,10,10,10240,543944.473,543503.334,544441.518,18384.229
nalgebra_csc,10000,128,0.01,standardized,false,iteration,workspace,10,0,0,574563.056,574213.585,574961.192,17404.530
nalgebra_csc,10000,128,0.1,centered,true,iteration,overwrite,10,20,20480,3689467.472,3683402.809,3696372.477,2710.418
nalgebra_csc,10000,128,0.1,centered,true,iteration,workspace,10,0,0,3718367.985,3713554.484,3724240.712,2689.352
nalgebra_csc,10000,128,0.1,centered,false,iteration,overwrite,10,0,0,5777618.938,5764167.037,5793305.386,1730.817
nalgebra_csc,10000,128,0.1,centered,false,iteration,workspace,10,0,0,3586981.046,3580513.200,3594559.207,2787.860
nalgebra_csc,10000,128,0.1,raw,true,iteration,overwrite,10,20,20480,5875082.025,5866504.336,5884499.062,1702.104
nalgebra_csc,10000,128,0.1,raw,true,iteration,workspace,10,0,0,5829885.362,5817418.822,5844058.976,1715.300
nalgebra_csc,10000,128,0.1,raw,false,iteration,overwrite,10,0,0,5783452.350,5756244.619,5809224.411,1729.071
nalgebra_csc,10000,128,0.1,raw,false,iteration,workspace,10,0,0,4106488.669,3752525.560,4484625.415,2435.170
nalgebra_csc,10000,128,0.1,standardized,true,iteration,overwrite,10,30,30720,3646984.432,3645989.316,3648048.704,2741.991
nalgebra_csc,10000,128,0.1,standardized,true,iteration,workspace,10,20,20480,3679287.813,3677881.497,3680913.580,2717.917
nalgebra_csc,10000,128,0.1,standardized,false,iteration,overwrite,10,10,10240,3593682.394,3588066.986,3599882.630,2782.661
nalgebra_csc,10000,128,0.1,standardized,false,iteration,workspace,10,0,0,3581282.015,3578537.128,3584277.469,2792.296
nalgebra_csc,2000,32,0.01,centered,true,iteration,overwrite,10,20,5120,78921.540,78782.822,79110.441,126708.120
nalgebra_csc,2000,32,0.01,centered,true,iteration,workspace,10,0,0,85815.292,85530.286,86206.833,116529.347
nalgebra_csc,2000,32,0.01,centered,false,iteration,overwrite,10,0,0,59032.744,58985.820,59087.332,169397.513
nalgebra_csc,2000,32,0.01,centered,false,iteration,workspace,10,0,0,63938.415,63895.095,63979.748,156400.498
nalgebra_csc,2000,32,0.01,raw,true,iteration,overwrite,10,20,5120,65702.504,65674.381,65736.439,152201.201
nalgebra_csc,2000,32,0.01,raw,true,iteration,workspace,10,0,0,65701.024,65651.836,65745.116,152204.628
nalgebra_csc,2000,32,0.01,raw,false,iteration,overwrite,10,0,0,45926.827,45898.615,45962.544,217737.664
nalgebra_csc,2000,32,0.01,raw,false,iteration,workspace,10,0,0,46030.923,46005.640,46057.546,217245.264
nalgebra_csc,2000,32,0.01,standardized,true,iteration,overwrite,10,30,7680,79068.448,79030.321,79115.355,126472.699
nalgebra_csc,2000,32,0.01,standardized,true,iteration,workspace,10,20,5120,86856.257,86395.561,87355.850,115132.753
nalgebra_csc,2000,32,0.01,standardized,false,iteration,overwrite,10,10,2560,59284.253,59261.891,59306.352,168678.856
nalgebra_csc,2000,32,0.01,standardized,false,iteration,workspace,10,0,0,66190.987,65965.130,66510.878,151077.970
nalgebra_csc,2000,32,0.1,centered,true,iteration,overwrite,10,20,5120,240381.471,239718.685,241322.730,41600.544
nalgebra_csc,2000,32,0.1,centered,true,iteration,workspace,10,0,0,243967.086,243502.153,244519.773,40989.136
nalgebra_csc,2000,32,0.1,centered,false,iteration,overwrite,10,0,0,218856.963,218698.417,219052.025,45691.944
nalgebra_csc,2000,32,0.1,centered,false,iteration,workspace,10,0,0,224625.734,224363.768,224916.555,44518.497
nalgebra_csc,2000,32,0.1,raw,true,iteration,overwrite,10,20,5120,216132.405,215871.796,216427.628,46267.935
nalgebra_csc,2000,32,0.1,raw,true,iteration,workspace,10,0,0,216432.163,216045.630,216768.049,46203.854
nalgebra_csc,2000,32,0.1,raw,false,iteration,overwrite,10,0,0,205621.138,205438.281,205802.091,48633.132
nalgebra_csc,2000,32,0.1,raw,false,iteration,workspace,10,0,0,205915.808,205663.607,206191.859,48563.537
nalgebra_csc,2000,32,0.1,standardized,true,iteration,overwrite,10,30,7680,229261.061,229075.664,229480.757,43618.397
nalgebra_csc,2000,32,0.1,standardized,true,iteration,workspace,10,20,5120,236285.811,236117.462,236462.959,42321.627
nalgebra_csc,2000,32,0.1,standardized,false,iteration,overwrite,10,10,2560,218924.852,218778.044,219070.216,45677.774
nalgebra_csc,2000,32,0.1,standardized,false,iteration,workspace,10,0,0,225492.574,225251.712,225784.959,44347.358
nalgebra_dense,10000,128,1,centered,true,iteration,overwrite,10,20,20480,16760477.075,16730802.417,16799186.934,596.642
nalgebra_dense,10000,128,1,centered,true,iteration,workspace,10,0,0,17102614.650,17059575.829,17153404.156,584.706
nalgebra_dense,10000,128,1,centered,false,iteration,overwrite,10,0,0,16854386.325,16831241.703,16881570.364,593.317
nalgebra_dense,10000,128,1,centered,false,iteration,workspace,10,0,0,16820425.725,16793581.461,16856355.092,594.515
nalgebra_dense,10000,128,1,raw,true,iteration,overwrite,10,20,20480,16659318.400,16633177.934,16694721.432,600.265
nalgebra_dense,10000,128,1,raw,true,iteration,workspace,10,0,0,16827758.800,16800674.994,16860378.730,594.256
nalgebra_dense,10000,128,1,raw,false,iteration,overwrite,10,0,0,18833885.575,18420710.503,19388248.532,530.958
nalgebra_dense,10000,128,1,raw,false,iteration,workspace,10,0,0,17331511.400,17203672.309,17478166.346,576.984
nalgebra_dense,10000,128,1,standardized,true,iteration,overwrite,10,30,30720,16784780.475,16756758.854,16821559.262,595.778
nalgebra_dense,10000,128,1,standardized,true,iteration,workspace,10,20,20480,16842473.100,16816445.178,16876899.429,593.737
nalgebra_dense,10000,128,1,standardized,false,iteration,overwrite,10,10,10240,16743205.775,16712879.834,16777568.343,597.257
nalgebra_dense,10000,128,1,standardized,false,iteration,workspace,10,0,0,16877092.275,16858949.521,16898499.588,592.519
nalgebra_dense,2000,32,1,centered,true,iteration,overwrite,10,20,5120,911259.843,903388.863,919903.898,10973.818
nalgebra_dense,2000,32,1,centered,true,iteration,workspace,10,0,0,878870.827,873564.388,885376.874,11378.236
nalgebra_dense,2000,32,1,centered,false,iteration,overwrite,10,0,0,1276818.791,1212761.213,1338196.420,7831.965
nalgebra_dense,2000,32,1,centered,false,iteration,workspace,10,0,0,968430.016,918586.027,1026857.518,10325.991
nalgebra_dense,2000,32,1,raw,true,iteration,overwrite,10,20,5120,1070150.359,980902.082,1162395.899,9344.481
nalgebra_dense,2000,32,1,raw,true,iteration,workspace,10,0,0,1267090.727,1229984.673,1310043.094,7892.095
nalgebra_dense,2000,32,1,raw,false,iteration,overwrite,10,0,0,828496.047,827670.690,829508.407,12070.064
nalgebra_dense,2000,32,1,raw,false,iteration,workspace,10,0,0,830048.058,828626.032,831748.604,12047.495
nalgebra_dense,2000,32,1,standardized,true,iteration,overwrite,10,30,7680,1075844.417,1009270.544,1145261.942,9295.024
nalgebra_dense,2000,32,1,standardized,true,iteration,workspace,10,20,5120,1340162.368,1283689.877,1392383.730,7461.782
nalgebra_dense,2000,32,1,standardized,false,iteration,overwrite,10,10,2560,851943.041,846210.002,859887.734,11737.874
nalgebra_dense,2000,32,1,standardized,false,iteration,workspace,10,0,0,860805.842,856734.673,865090.821,11617.022
ndarray,10000,128,1,centered,true,iteration,overwrite,10,20,20480,17838558.550,17805621.654,17875050.239,560.583
ndarray,10000,128,1,centered,true,iteration,workspace,10,0,0,17814658.850,17784465.799,17845820.512,561.335
ndarray,10000,128,1,centered,false,iteration,overwrite,10,0,0,17627859.400,17614061.846,17641526.476,567.284
ndarray,10000,128,1,centered,false,iteration,workspace,10,0,0,17740583.025,17708770.494,17775699.196,563.679
ndarray,10000,128,1,raw,true,iteration,overwrite,10,20,20480,17814897.225,17776466.527,17854496.506,561.328
ndarray,10000,128,1,raw,true,iteration,workspace,10,0,0,17774019.250,17741780.689,17806918.989,562.619
ndarray,10000,128,1,raw,false,iteration,overwrite,10,0,0,17812417.325,17777746.884,17851355.658,561.406
ndarray,10000,128,1,raw,false,iteration,workspace,10,0,0,17547920.125,17519246.323,17581066.129,569.868
ndarray,10000,128,1,standardized,true,iteration,overwrite,10,30,30720,18608265.400,18588085.182,18629910.225,537.396
ndarray,10000,128,1,standardized,true,iteration,workspace,10,20,20480,19399179.150,19262299.424,19553306.612,515.486
ndarray,10000,128,1,standardized,false,iteration,overwrite,10,10,10240,18679607.100,18617812.226,18751337.635,535.343
ndarray,10000,128,1,standardized,false,iteration,workspace,10,0,0,17651616.825,17632240.580,17670318.370,566.520
ndarray,2000,32,1,centered,true,iteration,overwrite,10,20,5120,684506.477,680846.832,687769.346,14609.066
ndarray,2000,32,1,centered,true,iteration,workspace,10,0,0,680294.077,678141.497,682476.432,14699.525
ndarray,2000,32,1,centered,false,iteration,overwrite,10,0,0,651366.900,650016.156,653277.655,15352.331
ndarray,2000,32,1,centered,false,iteration,workspace,10,0,0,653598.183,652423.576,654892.230,15299.920
ndarray,2000,32,1,raw,true,iteration,overwrite,10,20,5120,495390.487,494901.302,495895.602,20186.096
ndarray,2000,32,1,raw,true,iteration,workspace,10,0,0,620102.817,601722.886,637501.035,16126.358
ndarray,2000,32,1,raw,false,iteration,overwrite,10,0,0,579826.594,568063.569,590957.065,17246.536
ndarray,2000,32,1,raw,false,iteration,workspace,10,0,0,478721.637,476504.625,482062.743,20888.966
ndarray,2000,32,1,standardized,true,iteration,overwrite,10,30,7680,654990.011,653326.865,656669.296,15267.408
ndarray,2000,32,1,standardized,true,iteration,workspace,10,20,5120,648736.835,647148.910,650688.202,15414.571
ndarray,2000,32,1,standardized,false,iteration,overwrite,10,10,2560,649213.008,647418.332,650945.129,15403.265
ndarray,2000,32,1,standardized,false,iteration,workspace,10,0,0,502347.033,496993.792,509260.714,19906.557
sprs_csc,10000,128,0.01,centered,true,iteration,overwrite,10,20,20480,358945.604,358331.323,360026.412,27859.375
sprs_csc,10000,128,0.01,centered,true,iteration,workspace,10,0,0,392575.821,392314.292,392853.265,25472.786
sprs_csc,10000,128,0.01,centered,false,iteration,overwrite,10,0,0,267354.069,267209.554,267484.737,37403.583
sprs_csc,10000,128,0.01,centered,false,iteration,workspace,10,0,0,297323.537,297224.714,297418.637,33633.395
sprs_csc,10000,128,0.01,raw,true,iteration,overwrite,10,20,20480,292562.086,292403.747,292748.768,34180.779
sprs_csc,10000,128,0.01,raw,true,iteration,workspace,10,0,0,296949.090,296810.206,297084.629,33675.806
sprs_csc,10000,128,0.01,raw,false,iteration,overwrite,10,0,0,200666.145,200471.393,200890.904,49834.017
sprs_csc,10000,128,0.01,raw,false,iteration,workspace,10,0,0,200633.197,200028.149,201709.109,49842.200
sprs_csc,10000,128,0.01,standardized,true,iteration,overwrite,10,30,30720,359324.068,359086.148,359652.595,27830.031
sprs_csc,10000,128,0.01,standardized,true,iteration,workspace,10,20,20480,399808.287,397935.534,402464.019,25011.988
sprs_csc,10000,128,0.01,standardized,false,iteration,overwrite,10,10,10240,264325.807,264150.860,264595.334,37832.099
sprs_csc,10000,128,0.01,standardized,false,iteration,workspace,10,0,0,298911.457,298802.330,299028.490,33454.723
sprs_csc,10000,128,0.1,centered,true,iteration,overwrite,10,20,20480,1707393.701,1699195.364,1714128.823,5856.880
sprs_csc,10000,128,0.1,centered,true,iteration,workspace,10,0,0,1735906.225,1728944.838,1741869.384,5760.680
sprs_csc,10000,128,0.1,centered,false,iteration,overwrite,10,0,0,1586617.388,1584372.755,1590138.304,6302.717
sprs_csc,10000,128,0.1,centered,false,iteration,workspace,10,0,0,1615208.085,1613741.953,1616895.960,6191.153
sprs_csc,10000,128,0.1,raw,true,iteration,overwrite,10,20,20480,1649899.329,1647069.940,1653043.318,6060.976
sprs_csc,10000,128,0.1,raw,true,iteration,workspace,10,0,0,1629014.371,1621276.725,1636843.075,6138.681
sprs_csc,10000,128,0.1,raw,false,iteration,overwrite,10,0,0,1532213.849,1527020.994,1537588.802,6526.504
sprs_csc,10000,128,0.1,raw,false,iteration,workspace,10,0,0,1517315.491,1514131.940,1521052.349,6590.587
sprs_csc,10000,128,0.1,standardized,true,iteration,overwrite,10,30,30720,1677732.324,1676490.199,1678946.506,5960.426
sprs_csc,10000,128,0.1,standardized,true,iteration,workspace,10,20,20480,1745941.786,1744103.198,1747683.657,5727.568
sprs_csc,10000,128,0.1,standardized,false,iteration,overwrite,10,10,10240,1591568.217,1586339.757,1597495.162,6283.111
sprs_csc,10000,128,0.1,standardized,false,iteration,workspace,10,0,0,1618515.265,1615051.015,1622989.604,6178.502
sprs_csc,2000,32,0.01,centered,true,iteration,overwrite,10,20,5120,52059.877,52015.203,52124.094,192086.507
sprs_csc,2000,32,0.01,centered,true,iteration,workspace,10,0,0,59866.404,59834.785,59904.727,167038.594
sprs_csc,2000,32,0.01,centered,false,iteration,overwrite,10,0,0,33544.710,33502.414,33592.387,298109.602
sprs_csc,2000,32,0.01,centered,false,iteration,workspace,10,0,0,40711.556,40699.860,40722.965,245630.504
sprs_csc,2000,32,0.01,raw,true,iteration,overwrite,10,20,5120,41505.234,41480.098,41543.109,240933.469
sprs_csc,2000,32,0.01,raw,true,iteration,workspace,10,0,0,41447.133,41417.381,41483.488,241271.213
sprs_csc,2000,32,0.01,raw,false,iteration,overwrite,10,0,0,20452.383,20434.625,20471.247,488940.585
sprs_csc,2000,32,0.01,raw,false,iteration,workspace,10,0,0,21401.855,21392.871,21412.703,467249.221
sprs_csc,2000,32,0.01,standardized,true,iteration,overwrite,10,30,7680,52357.893,52336.231,52381.721,190993.170
sprs_csc,2000,32,0.01,standardized,true,iteration,workspace,10,20,5120,60295.732,60247.422,60348.231,165849.218
sprs_csc,2000,32,0.01,standardized,false,iteration,overwrite,10,10,2560,33330.992,33285.331,33386.096,300021.077
sprs_csc,2000,32,0.01,standardized,false,iteration,workspace,10,0,0,40936.775,40927.562,40948.513,244279.138
sprs_csc,2000,32,0.1,centered,true,iteration,overwrite,10,20,5120,107736.711,107662.357,107830.927,92818.872
sprs_csc,2000,32,0.1,centered,true,iteration,workspace,10,0,0,115839.442,115722.601,115989.927,86326.383
sprs_csc,2000,32,0.1,centered,false,iteration,overwrite,10,0,0,89346.553,89304.385,89392.890,111923.736
sprs_csc,2000,32,0.1,centered,false,iteration,workspace,10,0,0,96010.575,95960.264,96073.485,104155.193
sprs_csc,2000,32,0.1,raw,true,iteration,overwrite,10,20,5120,94619.684,94553.477,94701.502,105686.255
sprs_csc,2000,32,0.1,raw,true,iteration,workspace,10,0,0,96357.217,96298.084,96423.554,103780.499
sprs_csc,2000,32,0.1,raw,false,iteration,overwrite,10,0,0,76650.788,76598.414,76710.108,130461.803
sprs_csc,2000,32,0.1,raw,false,iteration,workspace,10,0,0,76596.407,76557.944,76635.166,130554.427
sprs_csc,2000,32,0.1,standardized,true,iteration,overwrite,10,30,7680,108254.558,108150.712,108372.224,92374.864
sprs_csc,2000,32,0.1,standardized,true,iteration,workspace,10,20,5120,116114.543,116082.983,116148.563,86121.856
sprs_csc,2000,32,0.1,standardized,false,iteration,overwrite,10,10,2560,89148.596,89081.822,89233.054,112172.266
sprs_csc,2000,32,0.1,standardized,false,iteration,workspace,10,0,0,96821.382,96646.180,97082.849,103282.971
"zarrs_[1024, 32]",10000,128,1,centered,true,iteration,overwrite,10,13620,419708480,27194304.600,27181839.850,27209413.567,367.724
"zarrs_[1024, 32]",10000,128,1,centered,true,iteration,workspace,10,13600,419688000,27431584.800,27249049.607,27680052.241,364.543
"zarrs_[1024, 32]",10000,128,1,centered,false,iteration,overwrite,10,13600,419688000,27142069.750,27123632.824,27164038.622,368.432
"zarrs_[1024, 32]",10000,128,1,centered,false,iteration,workspace,10,13600,419688000,27134743.600,27123128.969,27147492.279,368.531
"zarrs_[1024, 32]",10000,128,1,raw,true,iteration,overwrite,10,13620,419708480,27170336.300,27157355.935,27183483.043,368.048
"zarrs_[1024, 32]",10000,128,1,raw,true,iteration,workspace,10,13600,419688000,27132032.750,27117828.826,27148477.148,368.568
"zarrs_[1024, 32]",10000,128,1,raw,false,iteration,overwrite,10,13600,419688000,27041116.350,27033556.965,27048863.713,369.807
"zarrs_[1024, 32]",10000,128,1,raw,false,iteration,workspace,10,13600,419688000,27059184.450,27044567.310,27075303.489,369.560
"zarrs_[1024, 32]",10000,128,1,standardized,true,iteration,overwrite,10,13630,419718720,27232013.100,27216585.750,27247980.363,367.215
"zarrs_[1024, 32]",10000,128,1,standardized,true,iteration,workspace,10,13620,419708480,27244079.100,27229596.224,27260591.629,367.052
"zarrs_[1024, 32]",10000,128,1,standardized,false,iteration,overwrite,10,13610,419698240,27695197.050,27558243.419,27837593.954,361.073
"zarrs_[1024, 32]",10000,128,1,standardized,false,iteration,workspace,10,13600,419688000,27421690.750,27395957.858,27448380.729,364.675
"zarrs_[1024, 32]",2000,32,1,centered,true,iteration,overwrite,10,700,20989520,1405148.637,1398680.882,1413673.886,7116.685
"zarrs_[1024, 32]",2000,32,1,centered,true,iteration,workspace,10,680,20984400,1398091.954,1397069.056,1399161.855,7152.605
"zarrs_[1024, 32]",2000,32,1,centered,false,iteration,overwrite,10,680,20984400,1376553.466,1368434.716,1388555.253,7264.520
"zarrs_[1024, 32]",2000,32,1,centered,false,iteration,workspace,10,680,20984400,1372424.092,1371603.007,1373265.471,7286.377
"zarrs_[1024, 32]",2000,32,1,raw,true,iteration,overwrite,10,700,20989520,1396049.879,1394216.511,1397918.808,7163.068
"zarrs_[1024, 32]",2000,32,1,raw,true,iteration,workspace,10,680,20984400,1372660.033,1371982.722,1373442.830,7285.125
"zarrs_[1024, 32]",2000,32,1,raw,false,iteration,overwrite,10,680,20984400,1360722.039,1359567.547,1362138.008,7349.039
"zarrs_[1024, 32]",2000,32,1,raw,false,iteration,workspace,10,680,20984400,1365089.923,1363151.995,1367394.406,7325.525
"zarrs_[1024, 32]",2000,32,1,standardized,true,iteration,overwrite,10,710,20992080,1411464.958,1406753.392,1416460.310,7084.838
"zarrs_[1024, 32]",2000,32,1,standardized,true,iteration,workspace,10,700,20989520,1420324.995,1410464.833,1431477.587,7040.642
"zarrs_[1024, 32]",2000,32,1,standardized,false,iteration,overwrite,10,690,20986960,1373372.510,1371589.614,1375275.485,7281.346
"zarrs_[1024, 32]",2000,32,1,standardized,false,iteration,workspace,10,680,20984400,1401740.741,1399447.012,1404140.016,7133.987
"zarrs_[256, 16]",10000,128,1,centered,true,iteration,overwrite,10,108820,421511680,26965159.800,26946521.740,26987393.115,370.849
"zarrs_[256, 16]",10000,128,1,centered,true,iteration,workspace,10,108800,421491200,27135551.850,27115643.733,27158980.296,368.520
"zarrs_[256, 16]",10000,128,1,centered,false,iteration,overwrite,10,108800,421491200,26609949.450,26595524.835,26626114.390,375.799
"zarrs_[256, 16]",10000,128,1,centered,false,iteration,workspace,10,108800,421491200,26598366.150,26586216.574,26611870.840,375.963
"zarrs_[256, 16]",10000,128,1,raw,true,iteration,overwrite,10,108820,421511680,30784842.900,30705385.091,30872790.894,324.835
"zarrs_[256, 16]",10000,128,1,raw,true,iteration,workspace,10,108800,421491200,26863644.450,26850593.945,26878204.838,372.250
"zarrs_[256, 16]",10000,128,1,raw,false,iteration,overwrite,10,108800,421491200,26864159.850,26852263.265,26876680.060,372.243
"zarrs_[256, 16]",10000,128,1,raw,false,iteration,workspace,10,108800,421491200,27128314.550,27104581.774,27151870.744,368.619
"zarrs_[256, 16]",10000,128,1,standardized,true,iteration,overwrite,10,108830,421521920,27023995.150,27006825.439,27044392.073,370.042
"zarrs_[256, 16]",10000,128,1,standardized,true,iteration,workspace,10,108820,421511680,27201452.750,27187506.785,27217592.102,367.627
"zarrs_[256, 16]",10000,128,1,standardized,false,iteration,overwrite,10,108810,421501440,26884832.250,26868136.955,26904288.571,371.957
"zarrs_[256, 16]",10000,128,1,standardized,false,iteration,workspace,10,108800,421491200,27003164.400,26991447.549,27018027.416,370.327
"zarrs_[256, 16]",2000,32,1,centered,true,iteration,overwrite,10,5460,21079680,1374606.906,1372993.503,1376218.744,7274.807
"zarrs_[256, 16]",2000,32,1,centered,true,iteration,workspace,10,5440,21074560,1358517.873,1357795.594,1359192.808,7360.963
"zarrs_[256, 16]",2000,32,1,centered,false,iteration,overwrite,10,5440,21074560,1340579.568,1338288.451,1343021.514,7459.460
"zarrs_[256, 16]",2000,32,1,centered,false,iteration,workspace,10,5440,21074560,1360023.513,1356232.502,1364724.156,7352.814
"zarrs_[256, 16]",2000,32,1,raw,true,iteration,overwrite,10,5460,21079680,1325251.933,1324328.986,1326300.246,7545.735
"zarrs_[256, 16]",2000,32,1,raw,true,iteration,workspace,10,5440,21074560,1328639.496,1326198.777,1331279.804,7526.496
"zarrs_[256, 16]",2000,32,1,raw,false,iteration,overwrite,10,5440,21074560,2112003.540,2108887.495,2115746.347,4734.841
"zarrs_[256, 16]",2000,32,1,raw,false,iteration,workspace,10,5440,21074560,2108719.856,2097888.817,2118132.900,4742.214
"zarrs_[256, 16]",2000,32,1,standardized,true,iteration,overwrite,10,5470,21082240,1356845.104,1355749.470,1358037.966,7370.038
"zarrs_[256, 16]",2000,32,1,standardized,true,iteration,workspace,10,5460,21079680,1369937.756,1369069.583,1370941.064,7299.602
"zarrs_[256, 16]",2000,32,1,standardized,false,iteration,overwrite,10,5450,21077120,1328206.667,1327249.151,1329385.986,7528.949
"zarrs_[256, 16]",2000,32,1,standardized,false,iteration,workspace,10,5440,21074560,1345979.881,1344765.388,1347475.173,7429.532
faer_csc,10000,128,0.01,centered,false,forward,overwrite,10,0,0,72894.124,72862.531,72925.408,137185.268
faer_csc,10000,128,0.01,centered,false,forward,workspace,10,0,0,103163.711,103124.612,103198.883,96933.310
faer_csc,10000,128,0.01,centered,true,forward,overwrite,10,10,10240,105552.105,105449.683,105638.216,94739.939
faer_csc,10000,128,0.01,centered,true,forward,workspace,10,0,0,143075.542,143002.588,143146.727,69893.148
faer_csc,10000,128,0.01,centered,true,transpose,overwrite,10,10,10240,168645.161,168574.443,168724.034,59296.098
faer_csc,10000,128,0.01,centered,true,transpose,workspace,10,0,0,168776.897,168717.120,168849.498,59249.816
faer_csc,10000,128,0.01,centered,false,transpose,overwrite,10,0,0,112663.334,112611.424,112711.455,88760.022
faer_csc,10000,128,0.01,centered,false,transpose,workspace,10,0,0,113040.422,112970.260,113125.514,88463.930
faer_csc,10000,128,0.01,raw,false,forward,overwrite,10,0,0,62316.579,62283.575,62355.374,160470.941
faer_csc,10000,128,0.01,raw,false,forward,workspace,10,0,0,62384.514,62345.204,62429.947,160296.191
faer_csc,10000,128,0.01,raw,true,forward,overwrite,10,10,10240,94870.308,94787.142,94983.398,105407.057
faer_csc,10000,128,0.01,raw,true,forward,workspace,10,0,0,102653.643,102535.069,102823.005,97414.955
faer_csc,10000,128,0.01,raw,true,transpose,overwrite,10,10,10240,113187.247,113106.482,113276.474,88349.176
faer_csc,10000,128,0.01,raw,true,transpose,workspace,10,0,0,113215.253,113151.680,113272.124,88327.321
faer_csc,10000,128,0.01,raw,false,transpose,overwrite,10,0,0,57274.712,57211.886,57339.808,174597.124
faer_csc,10000,128,0.01,raw,false,transpose,workspace,10,0,0,57235.351,57207.879,57267.017,174717.197
faer_csc,10000,128,0.01,standardized,false,forward,overwrite,10,10,10240,73301.692,73263.178,73338.520,136422.498
faer_csc,10000,128,0.01,standardized,false,forward,workspace,10,0,0,95113.876,95041.533,95220.025,105137.130
faer_csc,10000,128,0.01,standardized,true,forward,overwrite,10,20,20480,107107.816,106452.518,108231.226,93363.868
faer_csc,10000,128,0.01,standardized,true,forward,workspace,10,10,10240,135488.325,135386.019,135582.588,73807.097
faer_csc,10000,128,0.01,standardized,true,transpose,overwrite,10,10,10240,174706.144,171361.779,178628.763,57238.972
faer_csc,10000,128,0.01,standardized,true,transpose,workspace,10,10,10240,169848.604,169737.308,169992.580,58875.962
faer_csc,10000,128,0.01,standardized,false,transpose,overwrite,10,0,0,113112.539,113076.465,113160.339,88407.528
faer_csc,10000,128,0.01,standardized,false,transpose,workspace,10,0,0,113792.591,113735.430,113855.028,87879.183
faer_csc,10000,128,0.1,centered,false,forward,overwrite,10,0,0,1320417.720,1267009.351,1371405.715,7573.361
faer_csc,10000,128,0.1,centered,false,forward,workspace,10,0,0,1466515.488,1417162.119,1513299.680,6818.885
faer_csc,10000,128,0.1,centered,true,forward,overwrite,10,10,10240,749304.835,748511.316,750006.928,13345.703
faer_csc,10000,128,0.1,centered,true,forward,workspace,10,0,0,797118.523,791019.859,806119.827,12545.186
faer_csc,10000,128,0.1,centered,true,transpose,overwrite,10,10,10240,858190.209,856350.081,860696.517,11652.428
faer_csc,10000,128,0.1,centered,true,transpose,workspace,10,0,0,1002781.402,918897.139,1099066.464,9972.263
faer_csc,10000,128,0.1,centered,false,transpose,overwrite,10,0,0,1272680.050,1259046.128,1287027.652,7857.434
faer_csc,10000,128,0.1,centered,false,transpose,workspace,10,0,0,1145171.962,1090227.980,1197823.478,8732.313
faer_csc,10000,128,0.1,raw,false,forward,overwrite,10,0,0,702625.163,701881.722,703375.120,14232.340
faer_csc,10000,128,0.1,raw,false,forward,workspace,10,0,0,704292.701,703643.979,704904.091,14198.642
faer_csc,10000,128,0.1,raw,true,forward,overwrite,10,10,10240,1121762.956,1042029.310,1204729.826,8914.539
faer_csc,10000,128,0.1,raw,true,forward,workspace,10,0,0,1443262.409,1414576.848,1470458.559,6928.747
faer_csc,10000,128,0.1,raw,true,transpose,overwrite,10,10,10240,1272869.438,1240421.873,1305424.349,7856.265
faer_csc,10000,128,0.1,raw,true,transpose,workspace,10,0,0,1282990.435,1262455.463,1302450.154,7794.290
faer_csc,10000,128,0.1,raw,false,transpose,overwrite,10,0,0,740787.178,739371.263,742318.331,13499.154
faer_csc,10000,128,0.1,raw,false,transpose,workspace,10,0,0,745820.607,743597.696,748128.999,13408.050
faer_csc,10000,128,0.1,standardized,false,forward,overwrite,10,10,10240,996338.139,994394.318,998284.774,10036.753
faer_csc,10000,128,0.1,standardized,false,forward,workspace,10,0,0,1030139.633,1028113.697,1032466.106,9707.422
faer_csc,10000,128,0.1,standardized,true,forward,overwrite,10,20,20480,973702.573,939225.924,1005886.608,10270.077
faer_csc,10000,128,0.1,standardized,true,forward,workspace,10,10,10240,1109752.432,1107544.375,1112393.407,9011.019
faer_csc,10000,128,0.1,standardized,true,transpose,overwrite,10,10,10240,1026913.404,1024670.562,1029065.736,9737.919
faer_csc,10000,128,0.1,standardized,true,transpose,workspace,10,10,10240,1020078.822,1017030.501,1023195.407,9803.164
faer_csc,10000,128,0.1,standardized,false,transpose,overwrite,10,0,0,964731.497,962573.218,966698.013,10365.578
faer_csc,10000,128,0.1,standardized,false,transpose,workspace,10,0,0,976528.327,969301.238,984063.532,10240.358
faer_csc,2000,32,0.01,centered,false,forward,overwrite,10,0,0,6692.753,6676.593,6708.556,1494153.485
faer_csc,2000,32,0.01,centered,false,forward,workspace,10,0,0,12716.687,12646.895,12826.898,786368.342
faer_csc,2000,32,0.01,centered,true,forward,overwrite,10,10,2560,12975.371,12959.514,12991.898,770690.893
faer_csc,2000,32,0.01,centered,true,forward,workspace,10,0,0,20641.204,20624.057,20658.909,484467.866
faer_csc,2000,32,0.01,centered,true,transpose,overwrite,10,10,2560,25510.642,25452.620,25579.872,391993.277
faer_csc,2000,32,0.01,centered,true,transpose,workspace,10,0,0,25328.639,25317.556,25341.777,394810.004
faer_csc,2000,32,0.01,centered,false,transpose,overwrite,10,0,0,13961.720,13865.419,14087.381,716244.126
faer_csc,2000,32,0.01,centered,false,transpose,workspace,10,0,0,13871.912,13830.570,13915.646,720881.135
faer_csc,2000,32,0.01,raw,false,forward,overwrite,10,0,0,4700.541,4636.404,4782.312,2127414.881
faer_csc,2000,32,0.01,raw,false,forward,workspace,10,0,0,4623.983,4599.584,4647.236,2162637.584
faer_csc,2000,32,0.01,raw,true,forward,overwrite,10,10,2560,10948.764,10872.977,11069.056,913345.143
faer_csc,2000,32,0.01,raw,true,forward,workspace,10,0,0,12690.971,12619.932,12773.419,787961.761
faer_csc,2000,32,0.01,raw,true,transpose,overwrite,10,10,2560,14163.715,14111.357,14226.354,706029.457
faer_csc,2000,32,0.01,raw,true,transpose,workspace,10,0,0,13943.776,13931.165,13959.403,717165.854
faer_csc,2000,32,0.01,raw,false,transpose,overwrite,10,0,0,2467.003,2450.629,2486.664,4053501.054
faer_csc,2000,32,0.01,raw,false,transpose,workspace,10,0,0,2511.514,2495.146,2534.583,3981662.029
faer_csc,2000,32,0.01,standardized,false,forward,overwrite,10,10,2560,7054.490,7028.352,7075.867,1417536.869
faer_csc,2000,32,0.01,standardized,false,forward,workspace,10,0,0,10916.740,10893.880,10938.620,916024.361
faer_csc,2000,32,0.01,standardized,true,forward,overwrite,10,20,5120,13800.970,13711.211,13959.794,724586.766
faer_csc,2000,32,0.01,standardized,true,forward,workspace,10,10,2560,19023.622,19000.459,19045.226,525662.240
faer_csc,2000,32,0.01,standardized,true,transpose,overwrite,10,10,2560,24941.205,24900.066,24991.088,400942.941
faer_csc,2000,32,0.01,standardized,true,transpose,workspace,10,10,2560,25531.299,25525.651,25537.246,391676.113
faer_csc,2000,32,0.01,standardized,false,transpose,overwrite,10,0,0,13855.779,13838.278,13875.551,721720.516
faer_csc,2000,32,0.01,standardized,false,transpose,workspace,10,0,0,13969.079,13952.057,13986.962,715866.794
faer_csc,2000,32,0.1,centered,false,forward,overwrite,10,0,0,28121.283,28087.598,28149.821,355602.552
faer_csc,2000,32,0.1,centered,false,forward,workspace,10,0,0,34001.166,33970.037,34035.207,294107.559
faer_csc,2000,32,0.1,centered,true,forward,overwrite,10,10,2560,35417.858,34684.434,36513.423,282343.447
faer_csc,2000,32,0.1,centered,true,forward,workspace,10,0,0,42180.495,42080.543,42289.112,237076.404
faer_csc,2000,32,0.1,centered,true,transpose,overwrite,10,10,2560,54153.529,53828.476,54498.853,184660.172
faer_csc,2000,32,0.1,centered,true,transpose,workspace,10,0,0,53079.953,53012.130,53148.452,188395.041
faer_csc,2000,32,0.1,centered,false,transpose,overwrite,10,0,0,41570.313,41562.001,41578.088,240556.286
faer_csc,2000,32,0.1,centered,false,transpose,workspace,10,0,0,42237.945,42123.740,42354.488,236753.941
faer_csc,2000,32,0.1,raw,false,forward,overwrite,10,0,0,25880.203,25873.689,25887.028,386395.726
faer_csc,2000,32,0.1,raw,false,forward,workspace,10,0,0,25959.730,25945.321,25975.126,385212.013
faer_csc,2000,32,0.1,raw,true,forward,overwrite,10,10,2560,32036.201,32027.594,32043.034,312146.877
faer_csc,2000,32,0.1,raw,true,forward,workspace,10,0,0,33802.280,33789.977,33815.115,295838.031
faer_csc,2000,32,0.1,raw,true,transpose,overwrite,10,10,2560,41716.849,41692.144,41746.919,239711.297
faer_csc,2000,32,0.1,raw,true,transpose,workspace,10,0,0,41789.140,41725.318,41855.874,239296.621
faer_csc,2000,32,0.1,raw,false,transpose,overwrite,10,0,0,30575.542,30559.383,30593.458,327058.795
faer_csc,2000,32,0.1,raw,false,transpose,workspace,10,0,0,30609.665,30598.382,30620.886,326694.196
faer_csc,2000,32,0.1,standardized,false,forward,overwrite,10,10,2560,28468.396,28448.293,28496.127,351266.711
faer_csc,2000,32,0.1,standardized,false,forward,workspace,10,0,0,32294.860,32277.204,32311.743,309646.795
faer_csc,2000,32,0.1,standardized,true,forward,overwrite,10,20,5120,35145.380,35123.063,35170.405,284532.423
faer_csc,2000,32,0.1,standardized,true,forward,workspace,10,10,2560,40421.243,40384.350,40464.109,247394.668
faer_csc,2000,32,0.1,standardized,true,transpose,overwrite,10,10,2560,53049.732,53032.038,53069.005,188502.367
faer_csc,2000,32,0.1,standardized,true,transpose,workspace,10,10,2560,53055.980,53027.012,53092.315,188480.167
faer_csc,2000,32,0.1,standardized,false,transpose,overwrite,10,0,0,41598.523,41580.044,41615.869,240393.152
faer_csc,2000,32,0.1,standardized,false,transpose,workspace,10,0,0,41738.790,41714.341,41763.120,239585.286
faer_dense,10000,128,1,centered,false,forward,overwrite,10,0,0,6774704.917,6770756.831,6778668.919,1476.079
faer_dense,10000,128,1,centered,false,forward,workspace,10,0,0,6798786.200,6794708.558,6803013.281,1470.851
faer_dense,10000,128,1,centered,true,forward,overwrite,10,10,10240,6825375.933,6819229.121,6831945.349,1465.121
faer_dense,10000,128,1,centered,true,forward,workspace,10,0,0,6825334.933,6820729.258,6830907.621,1465.130
faer_dense,10000,128,1,centered,true,transpose,overwrite,10,10,10240,7516409.817,7511637.116,7521890.095,1330.422
faer_dense,10000,128,1,centered,true,transpose,workspace,10,0,0,7524564.367,7520898.400,7528675.575,1328.981
faer_dense,10000,128,1,centered,false,transpose,overwrite,10,0,0,7471169.700,7467578.565,7475455.175,1338.478
faer_dense,10000,128,1,centered,false,transpose,workspace,10,0,0,7478591.733,7472440.887,7485672.250,1337.150
faer_dense,10000,128,1,raw,false,forward,overwrite,10,0,0,6764087.983,6759783.422,6768771.331,1478.396
faer_dense,10000,128,1,raw,false,forward,workspace,10,0,0,6777528.700,6773410.380,6781648.386,1475.464
faer_dense,10000,128,1,raw,true,forward,overwrite,10,10,10240,6811514.683,6804323.440,6819695.788,1468.102
faer_dense,10000,128,1,raw,true,forward,workspace,10,0,0,6802074.300,6798295.734,6806240.852,1470.140
faer_dense,10000,128,1,raw,true,transpose,overwrite,10,10,10240,7464234.000,7459518.892,7469967.723,1339.722
faer_dense,10000,128,1,raw,true,transpose,workspace,10,0,0,7466744.700,7463044.514,7471303.370,1339.272
faer_dense,10000,128,1,raw,false,transpose,overwrite,10,0,0,7438248.633,7435487.408,7441238.853,1344.402
faer_dense,10000,128,1,raw,false,transpose,workspace,10,0,0,7418306.217,7414256.920,7423140.859,1348.017
faer_dense,10000,128,1,standardized,false,forward,overwrite,10,10,10240,6778803.983,6774615.729,6783608.779,1475.186
faer_dense,10000,128,1,standardized,false,forward,workspace,10,0,0,6806843.800,6802739.515,6811987.394,1469.110
faer_dense,10000,128,1,standardized,true,forward,overwrite,10,20,20480,6831320.633,6824625.240,6838347.737,1463.846
faer_dense,10000,128,1,standardized,true,forward,workspace,10,10,10240,7636727.917,7510816.877,7848753.077,1309.461
faer_dense,10000,128,1,standardized,true,transpose,overwrite,10,10,10240,7517452.367,7514206.288,7521579.002,1330.238
faer_dense,10000,128,1,standardized,true,transpose,workspace,10,10,10240,8369932.017,8346304.829,8400136.506,1194.753
faer_dense,10000,128,1,standardized,false,transpose,overwrite,10,0,0,7469261.017,7465667.850,7473205.672,1338.821
faer_dense,10000,128,1,standardized,false,transpose,workspace,10,0,0,7477058.467,7472486.336,7481669.042,1337.424
faer_dense,2000,32,1,centered,false,forward,overwrite,10,0,0,262797.032,262664.402,262931.019,38052.180
faer_dense,2000,32,1,centered,false,forward,workspace,10,0,0,267295.257,267111.488,267532.612,37411.812
faer_dense,2000,32,1,centered,true,forward,overwrite,10,10,2560,269270.253,269119.123,269416.404,37137.411
faer_dense,2000,32,1,centered,true,forward,workspace,10,0,0,275370.414,275211.274,275560.754,36314.722
faer_dense,2000,32,1,centered,true,transpose,overwrite,10,10,2560,387422.978,387073.886,387858.376,25811.582
faer_dense,2000,32,1,centered,true,transpose,workspace,10,0,0,385743.926,385494.334,385989.074,25923.934
faer_dense,2000,32,1,centered,false,transpose,overwrite,10,0,0,375321.178,374984.766,375858.233,26643.847
faer_dense,2000,32,1,centered,false,transpose,workspace,10,0,0,375740.638,375525.209,376019.686,26614.103
faer_dense,2000,32,1,raw,false,forward,overwrite,10,0,0,303826.430,294306.294,311936.042,32913.529
faer_dense,2000,32,1,raw,false,forward,workspace,10,0,0,261213.833,261081.362,261369.088,38282.812
faer_dense,2000,32,1,raw,true,forward,overwrite,10,10,2560,268202.176,268079.777,268312.539,37285.305
faer_dense,2000,32,1,raw,true,forward,workspace,10,0,0,269728.078,269603.110,269865.544,37074.375
faer_dense,2000,32,1,raw,true,transpose,overwrite,10,10,2560,375073.017,374911.507,375249.595,26661.475
faer_dense,2000,32,1,raw,true,transpose,workspace,10,0,0,375320.278,374962.809,375780.127,26643.911
faer_dense,2000,32,1,raw,false,transpose,overwrite,10,0,0,362896.262,362546.045,363256.109,27556.084
faer_dense,2000,32,1,raw,false,transpose,workspace,10,0,0,363769.843,363589.210,363972.097,27489.909
faer_dense,2000,32,1,standardized,false,forward,overwrite,10,10,2560,262862.764,262725.980,263015.325,38042.665
faer_dense,2000,32,1,standardized,false,forward,workspace,10,0,0,268514.328,268387.163,268650.725,37241.961
faer_dense,2000,32,1,standardized,true,forward,overwrite,10,20,5120,270701.575,270343.375,271146.313,36941.049
faer_dense,2000,32,1,standardized,true,forward,workspace,10,10,2560,280487.819,278765.235,282618.946,35652.172
faer_dense,2000,32,1,standardized,true,transpose,overwrite,10,10,2560,387487.772,387186.986,387822.257,25807.266
faer_dense,2000,32,1,standardized,true,transpose,workspace,10,10,2560,389542.925,389088.033,390032.116,25671.112
faer_dense,2000,32,1,standardized,false,transpose,overwrite,10,0,0,375111.816,374992.374,375258.814,26658.718
faer_dense,2000,32,1,standardized,false,transpose,workspace,10,0,0,375880.596,375714.082,376117.427,26604.193
nalgebra_csc,10000,128,0.01,centered,false,forward,overwrite,10,0,0,357310.945,356996.901,357676.714,27986.828
nalgebra_csc,10000,128,0.01,centered,false,forward,workspace,10,0,0,379168.132,378986.179,379338.732,26373.524
nalgebra_csc,10000,128,0.01,centered,true,forward,overwrite,10,10,10240,398050.761,397932.682,398177.527,25122.424
nalgebra_csc,10000,128,0.01,centered,true,forward,workspace,10,0,0,429063.708,428414.719,429852.824,23306.562
nalgebra_csc,10000,128,0.01,centered,true,transpose,overwrite,10,10,10240,183683.941,183574.801,183790.646,54441.341
nalgebra_csc,10000,128,0.01,centered,true,transpose,workspace,10,0,0,184072.797,183968.370,184176.206,54326.333
nalgebra_csc,10000,128,0.01,centered,false,transpose,overwrite,10,0,0,128183.168,128134.059,128235.236,78013.363
nalgebra_csc,10000,128,0.01,centered,false,transpose,workspace,10,0,0,128808.840,128745.303,128882.110,77634.423
nalgebra_csc,10000,128,0.01,raw,false,forward,overwrite,10,0,0,347958.679,346771.133,349960.878,28739.045
nalgebra_csc,10000,128,0.01,raw,false,forward,workspace,10,0,0,347236.474,347083.751,347382.293,28798.818
nalgebra_csc,10000,128,0.01,raw,true,forward,overwrite,10,10,10240,387695.303,387538.501,387851.400,25793.452
nalgebra_csc,10000,128,0.01,raw,true,forward,workspace,10,0,0,388362.398,387901.824,389018.792,25749.146
nalgebra_csc,10000,128,0.01,raw,true,transpose,overwrite,10,10,10240,128733.524,128645.422,128812.841,77679.843
nalgebra_csc,10000,128,0.01,raw,true,transpose,workspace,10,0,0,128761.831,128710.496,128818.855,77662.766
nalgebra_csc,10000,128,0.01,raw,false,transpose,overwrite,10,0,0,72233.850,72213.434,72257.450,138439.249
nalgebra_csc,10000,128,0.01,raw,false,transpose,workspace,10,0,0,72450.585,72380.782,72536.444,138025.110
nalgebra_csc,10000,128,0.01,standardized,false,forward,overwrite,10,10,10240,358361.280,358181.506,358569.743,27904.800
nalgebra_csc,10000,128,0.01,standardized,false,forward,workspace,10,0,0,387918.713,387738.926,388117.311,25778.597
nalgebra_csc,10000,128,0.01,standardized,true,forward,overwrite,10,20,20480,398674.494,398513.730,398841.715,25083.120
nalgebra_csc,10000,128,0.01,standardized,true,forward,workspace,10,10,10240,428304.287,428081.409,428521.252,23347.887
nalgebra_csc,10000,128,0.01,standardized,true,transpose,overwrite,10,10,10240,184310.763,183967.250,184822.837,54256.191
nalgebra_csc,10000,128,0.01,standardized,true,transpose,workspace,10,10,10240,184721.430,184571.514,184931.866,54135.571
nalgebra_csc,10000,128,0.01,standardized,false,transpose,overwrite,10,0,0,128568.499,128531.876,128606.338,77779.550
nalgebra_csc,10000,128,0.01,standardized,false,transpose,workspace,10,0,0,129334.712,129290.150,129385.241,77318.764
nalgebra_csc,10000,128,0.1,centered,false,forward,overwrite,10,0,0,4548817.240,4544071.056,4554130.945,2198.374
nalgebra_csc,10000,128,0.1,centered,false,forward,workspace,10,0,0,4585571.740,4579796.035,4591616.071,2180.753
nalgebra_csc,10000,128,0.1,centered,true,forward,overwrite,10,10,10240,2718191.663,2713714.156,2723670.382,3678.916
nalgebra_csc,10000,128,0.1,centered,true,forward,workspace,10,0,0,2758668.830,2754974.017,2763344.108,3624.937
nalgebra_csc,10000,128,0.1,centered,true,transpose,overwrite,10,10,10240,892614.330,891289.992,894139.413,11203.047
nalgebra_csc,10000,128,0.1,centered,true,transpose,workspace,10,0,0,899884.911,898999.195,900906.296,11112.532
nalgebra_csc,10000,128,0.1,centered,false,transpose,overwrite,10,0,0,1128113.457,1126761.107,1129580.048,8864.357
nalgebra_csc,10000,128,0.1,centered,false,transpose,workspace,10,0,0,1093038.135,1087777.471,1098456.637,9148.812
nalgebra_csc,10000,128,0.1,raw,false,forward,overwrite,10,0,0,4760984.720,4754711.553,4768293.583,2100.406
nalgebra_csc,10000,128,0.1,raw,false,forward,workspace,10,0,0,4244016.080,4183851.539,4288115.097,2356.259
nalgebra_csc,10000,128,0.1,raw,true,forward,overwrite,10,10,10240,4633874.190,4620201.178,4648626.313,2158.021
nalgebra_csc,10000,128,0.1,raw,true,forward,workspace,10,0,0,4661112.550,4650910.309,4674336.432,2145.411
nalgebra_csc,10000,128,0.1,raw,true,transpose,overwrite,10,10,10240,1137730.335,1135517.090,1140002.490,8789.429
nalgebra_csc,10000,128,0.1,raw,true,transpose,workspace,10,0,0,1136066.832,1134545.223,1137820.086,8802.299
nalgebra_csc,10000,128,0.1,raw,false,transpose,overwrite,10,0,0,1112863.421,1109496.799,1116673.399,8985.829
nalgebra_csc,10000,128,0.1,raw,false,transpose,workspace,10,0,0,775214.128,774352.335,776073.118,12899.662
nalgebra_csc,10000,128,0.1,standardized,false,forward,overwrite,10,10,10240,2708571.306,2705917.835,2712640.251,3691.983
nalgebra_csc,10000,128,0.1,standardized,false,forward,workspace,10,0,0,2731045.193,2729474.060,2732525.557,3661.602
nalgebra_csc,10000,128,0.1,standardized,true,forward,overwrite,10,20,20480,2732813.788,2730157.344,2735413.384,3659.232
nalgebra_csc,10000,128,0.1,standardized,true,forward,workspace,10,10,10240,2764919.862,2763633.887,2766204.444,3616.741
nalgebra_csc,10000,128,0.1,standardized,true,transpose,overwrite,10,10,10240,890607.659,890042.283,891166.224,11228.289
nalgebra_csc,10000,128,0.1,standardized,true,transpose,workspace,10,10,10240,891160.840,890315.735,892192.240,11221.319
nalgebra_csc,10000,128,0.1,standardized,false,transpose,overwrite,10,0,0,843315.842,841525.140,845406.610,11857.953
nalgebra_csc,10000,128,0.1,standardized,false,transpose,workspace,10,0,0,836591.898,835561.488,837811.107,11953.259
nalgebra_csc,2000,32,0.01,centered,false,forward,overwrite,10,0,0,32564.784,32544.490,32589.263,307080.186
nalgebra_csc,2000,32,0.01,centered,false,forward,workspace,10,0,0,36540.887,36525.297,36562.331,273666.047
nalgebra_csc,2000,32,0.01,centered,true,forward,overwrite,10,10,2560,40569.303,40510.053,40649.061,246491.788
nalgebra_csc,2000,32,0.01,centered,true,forward,workspace,10,0,0,46358.772,46322.285,46401.753,215708.906
nalgebra_csc,2000,32,0.01,centered,true,transpose,overwrite,10,10,2560,25958.386,25953.622,25963.384,385231.968
nalgebra_csc,2000,32,0.01,centered,true,transpose,workspace,10,0,0,25971.649,25953.379,25989.015,385035.231
nalgebra_csc,2000,32,0.01,centered,false,transpose,overwrite,10,0,0,14794.781,14785.074,14804.370,675914.047
nalgebra_csc,2000,32,0.01,centered,false,transpose,workspace,10,0,0,14991.918,14980.334,15004.248,667026.055
nalgebra_csc,2000,32,0.01,raw,false,forward,overwrite,10,0,0,30418.594,30405.918,30430.806,328746.290
nalgebra_csc,2000,32,0.01,raw,false,forward,workspace,10,0,0,30463.109,30446.707,30482.675,328265.909
nalgebra_csc,2000,32,0.01,raw,true,forward,overwrite,10,10,2560,38344.102,38331.282,38358.640,260796.304
nalgebra_csc,2000,32,0.01,raw,true,forward,workspace,10,0,0,38321.589,38297.178,38348.875,260949.512
nalgebra_csc,2000,32,0.01,raw,true,transpose,overwrite,10,10,2560,15074.521,15001.974,15152.501,663370.990
nalgebra_csc,2000,32,0.01,raw,true,transpose,workspace,10,0,0,14911.663,14904.358,14921.313,670616.009
nalgebra_csc,2000,32,0.01,raw,false,transpose,overwrite,10,0,0,3595.103,3592.607,3597.887,2781561.313
nalgebra_csc,2000,32,0.01,raw,false,transpose,workspace,10,0,0,3627.134,3622.340,3633.632,2756997.895
nalgebra_csc,2000,32,0.01,standardized,false,forward,overwrite,10,10,2560,32658.906,32651.382,32666.174,306195.194
nalgebra_csc,2000,32,0.01,standardized,false,forward,workspace,10,0,0,38536.405,38511.950,38566.902,259494.889
nalgebra_csc,2000,32,0.01,standardized,true,forward,overwrite,10,20,5120,40587.293,40578.623,40595.532,246382.534
nalgebra_csc,2000,32,0.01,standardized,true,forward,workspace,10,10,2560,46442.516,46423.167,46468.931,215319.945
nalgebra_csc,2000,32,0.01,standardized,true,transpose,overwrite,10,10,2560,25976.243,25954.889,25996.368,384967.148
nalgebra_csc,2000,32,0.01,standardized,true,transpose,workspace,10,10,2560,26644.702,26633.557,26659.064,375309.135
nalgebra_csc,2000,32,0.01,standardized,false,transpose,overwrite,10,0,0,14805.786,14792.868,14819.703,675411.634
nalgebra_csc,2000,32,0.01,standardized,false,transpose,workspace,10,0,0,15050.889,15042.553,15059.189,664412.559
nalgebra_csc,2000,32,0.1,centered,false,forward,overwrite,10,0,0,146259.210,146164.626,146369.150,68371.763
nalgebra_csc,2000,32,0.1,centered,false,forward,workspace,10,0,0,150433.875,150348.622,150515.730,66474.390
nalgebra_csc,2000,32,0.1,centered,true,forward,overwrite,10,10,2560,154806.303,154687.180,154932.015,64596.853
nalgebra_csc,2000,32,0.1,centered,true,forward,workspace,10,0,0,160699.753,160510.608,160884.228,62227.849
nalgebra_csc,2000,32,0.1,centered,true,transpose,overwrite,10,10,2560,58828.966,58754.350,58908.375,169984.290
nalgebra_csc,2000,32,0.1,centered,true,transpose,workspace,10,0,0,59123.390,59090.541,59158.700,169137.798
nalgebra_csc,2000,32,0.1,centered,false,transpose,overwrite,10,0,0,47860.743,47843.254,47878.183,208939.505
nalgebra_csc,2000,32,0.1,centered,false,transpose,workspace,10,0,0,48284.903,48233.080,48353.515,207104.073
nalgebra_csc,2000,32,0.1,raw,false,forward,overwrite,10,0,0,144621.206,144459.386,144764.458,69146.153
nalgebra_csc,2000,32,0.1,raw,false,forward,workspace,10,0,0,144645.611,144473.737,144820.254,69134.486
nalgebra_csc,2000,32,0.1,raw,true,forward,overwrite,10,10,2560,152541.731,152358.872,152821.312,65555.832
nalgebra_csc,2000,32,0.1,raw,true,forward,workspace,10,0,0,152232.698,152146.479,152326.631,65688.910
nalgebra_csc,2000,32,0.1,raw,true,transpose,overwrite,10,10,2560,48155.574,48130.195,48180.726,207660.279
nalgebra_csc,2000,32,0.1,raw,true,transpose,workspace,10,0,0,48055.052,48011.011,48094.790,208094.666
nalgebra_csc,2000,32,0.1,raw,false,transpose,overwrite,10,0,0,36875.129,36854.247,36896.691,271185.491
nalgebra_csc,2000,32,0.1,raw,false,transpose,workspace,10,0,0,37043.255,37003.435,37087.010,269954.680
nalgebra_csc,2000,32,0.1,standardized,false,forward,overwrite,10,10,2560,147070.111,146984.251,147169.210,67994.781
nalgebra_csc,2000,32,0.1,standardized,false,forward,workspace,10,0,0,152374.507,152249.793,152522.896,65627.776
nalgebra_csc,2000,32,0.1,standardized,true,forward,overwrite,10,20,5120,154489.270,154344.005,154678.952,64729.414
nalgebra_csc,2000,32,0.1,standardized,true,forward,workspace,10,10,2560,160397.276,160245.628,160545.914,62345.199
nalgebra_csc,2000,32,0.1,standardized,true,transpose,overwrite,10,10,2560,58801.195,58773.222,58831.532,170064.571
nalgebra_csc,2000,32,0.1,standardized,true,transpose,workspace,10,10,2560,59264.558,59234.829,59294.380,168734.912
nalgebra_csc,2000,32,0.1,standardized,false,transpose,overwrite,10,0,0,47907.388,47881.543,47936.482,208736.073
nalgebra_csc,2000,32,0.1,standardized,false,transpose,workspace,10,0,0,48158.446,48106.176,48213.006,207647.896
nalgebra_dense,10000,128,1,centered,false,forward,overwrite,10,0,0,8827581.450,8819998.357,8835243.391,1132.813
nalgebra_dense,10000,128,1,centered,false,forward,workspace,10,0,0,8962417.883,8884005.155,9058217.418,1115.770
nalgebra_dense,10000,128,1,centered,true,forward,overwrite,10,10,10240,8661130.683,8651788.388,8671374.213,1154.584
nalgebra_dense,10000,128,1,centered,true,forward,workspace,10,0,0,8877035.700,8867302.866,8887771.008,1126.502
nalgebra_dense,10000,128,1,centered,true,transpose,overwrite,10,10,10240,7973251.583,7964980.361,7981989.906,1254.193
nalgebra_dense,10000,128,1,centered,true,transpose,workspace,10,0,0,10054204.283,9005842.843,11201537.172,994.609
nalgebra_dense,10000,128,1,centered,false,transpose,overwrite,10,0,0,7944791.333,7932074.767,7958657.367,1258.686
nalgebra_dense,10000,128,1,centered,false,transpose,workspace,10,0,0,7939704.667,7927154.457,7953119.297,1259.493
nalgebra_dense,10000,128,1,raw,false,forward,overwrite,10,0,0,9600916.917,9580841.682,9623352.376,1041.567
nalgebra_dense,10000,128,1,raw,false,forward,workspace,10,0,0,10223967.800,9980694.152,10482093.891,978.094
nalgebra_dense,10000,128,1,raw,true,forward,overwrite,10,10,10240,8679895.050,8667086.183,8697210.727,1152.088
nalgebra_dense,10000,128,1,raw,true,forward,workspace,10,0,0,8816151.300,8809369.466,8823054.639,1134.282
nalgebra_dense,10000,128,1,raw,true,transpose,overwrite,10,10,10240,7937298.283,7929530.157,7945673.473,1259.875
nalgebra_dense,10000,128,1,raw,true,transpose,workspace,10,0,0,7972283.083,7926571.070,8051451.147,1254.346
nalgebra_dense,10000,128,1,raw,false,transpose,overwrite,10,0,0,8578162.167,8557259.250,8601389.169,1165.751
nalgebra_dense,10000,128,1,raw,false,transpose,workspace,10,0,0,9941927.983,9166733.978,10876870.626,1005.841
nalgebra_dense,10000,128,1,standardized,false,forward,overwrite,10,10,10240,8734657.450,8719375.277,8751275.864,1144.865
nalgebra_dense,10000,128,1,standardized,false,forward,workspace,10,0,0,8878453.567,8869892.319,8886559.293,1126.322
nalgebra_dense,10000,128,1,standardized,true,forward,overwrite,10,20,20480,8725177.017,8713757.814,8737439.426,1146.109
nalgebra_dense,10000,128,1,standardized,true,forward,workspace,10,10,10240,8735864.283,8718101.688,8757173.627,1144.706
nalgebra_dense,10000,128,1,standardized,true,transpose,overwrite,10,10,10240,7983771.517,7975141.202,7992194.532,1252.541
nalgebra_dense,10000,128,1,standardized,true,transpose,workspace,10,10,10240,8009069.267,7988993.508,8035657.012,1248.585
nalgebra_dense,10000,128,1,standardized,false,transpose,overwrite,10,0,0,7981530.183,7970095.575,7994211.389,1252.893
nalgebra_dense,10000,128,1,standardized,false,transpose,workspace,10,0,0,7957567.133,7944149.567,7971023.867,1256.665
nalgebra_dense,2000,32,1,centered,false,forward,overwrite,10,0,0,646230.264,622706.245,670938.295,15474.360
nalgebra_dense,2000,32,1,centered,false,forward,workspace,10,0,0,612932.013,592927.015,632134.935,16315.023
nalgebra_dense,2000,32,1,centered,true,forward,overwrite,10,10,2560,433006.731,432638.810,433426.085,23094.329
nalgebra_dense,2000,32,1,centered,true,forward,workspace,10,0,0,442608.413,439672.439,445947.466,22593.335
nalgebra_dense,2000,32,1,centered,true,transpose,overwrite,10,10,2560,414317.366,413339.223,415550.029,24136.087
nalgebra_dense,2000,32,1,centered,true,transpose,workspace,10,0,0,458546.767,431557.654,494327.168,21808.026
nalgebra_dense,2000,32,1,centered,false,transpose,overwrite,10,0,0,610076.794,591603.594,626800.282,16391.379
nalgebra_dense,2000,32,1,centered,false,transpose,workspace,10,0,0,557434.164,526969.048,586441.532,17939.338
nalgebra_dense,2000,32,1,raw,false,forward,overwrite,10,0,0,423992.460,423565.687,424425.787,23585.325
nalgebra_dense,2000,32,1,raw,false,forward,workspace,10,0,0,425229.815,424503.547,425903.462,23516.695
nalgebra_dense,2000,32,1,raw,true,forward,overwrite,10,10,2560,432338.875,431534.080,433208.929,23130.004
nalgebra_dense,2000,32,1,raw,true,forward,workspace,10,0,0,693443.963,684356.567,702152.013,14420.776
nalgebra_dense,2000,32,1,raw,true,transpose,overwrite,10,10,2560,409195.655,407661.265,410775.244,24438.187
nalgebra_dense,2000,32,1,raw,true,transpose,workspace,10,0,0,622009.158,605618.630,639086.674,16076.934
nalgebra_dense,2000,32,1,raw,false,transpose,overwrite,10,0,0,394814.433,393941.404,395701.247,25328.355
nalgebra_dense,2000,32,1,raw,false,transpose,workspace,10,0,0,392421.688,391705.258,393254.372,25482.791
nalgebra_dense,2000,32,1,standardized,false,forward,overwrite,10,10,2560,440962.864,434447.392,449936.333,22677.647
nalgebra_dense,2000,32,1,standardized,false,forward,workspace,10,0,0,436535.391,433483.436,440432.133,22907.650
nalgebra_dense,2000,32,1,standardized,true,forward,overwrite,10,20,5120,435727.507,434523.376,437068.951,22950.123
nalgebra_dense,2000,32,1,standardized,true,forward,workspace,10,10,2560,595555.836,560495.428,628211.516,16791.037
nalgebra_dense,2000,32,1,standardized,true,transpose,overwrite,10,10,2560,448851.139,434248.315,464972.481,22279.101
nalgebra_dense,2000,32,1,standardized,true,transpose,workspace,10,10,2560,662543.544,631974.060,691883.706,15093.348
nalgebra_dense,2000,32,1,standardized,false,transpose,overwrite,10,0,0,406090.144,404038.929,408397.955,24625.074
nalgebra_dense,2000,32,1,standardized,false,transpose,workspace,10,0,0,408282.055,406023.114,410671.035,24492.872
ndarray,10000,128,1,centered,false,forward,overwrite,10,0,0,1504308.685,1501655.687,1508454.551,6647.572
ndarray,10000,128,1,centered,false,forward,workspace,10,0,0,1513549.038,1505400.737,1523673.412,6606.988
ndarray,10000,128,1,centered,true,forward,overwrite,10,10,10240,1547600.929,1543413.324,1553339.784,6461.614
ndarray,10000,128,1,centered,true,forward,workspace,10,0,0,1584377.118,1576298.116,1591052.073,6311.629
ndarray,10000,128,1,centered,true,transpose,overwrite,10,10,10240,16225652.800,16209654.546,16244549.166,616.308
ndarray,10000,128,1,centered,true,transpose,workspace,10,0,0,16170177.250,16120713.888,16222824.369,618.422
ndarray,10000,128,1,centered,false,transpose,overwrite,10,0,0,16228039.625,16181437.879,16279107.971,616.217
ndarray,10000,128,1,centered,false,transpose,workspace,10,0,0,16140374.150,16114349.859,16164698.951,619.564
ndarray,10000,128,1,raw,false,forward,overwrite,10,0,0,1512352.480,1511265.931,1513658.406,6612.215
ndarray,10000,128,1,raw,false,forward,workspace,10,0,0,1476370.883,1468450.287,1485565.537,6773.366
ndarray,10000,128,1,raw,true,forward,overwrite,10,10,10240,1502492.966,1499852.693,1506536.247,6655.605
ndarray,10000,128,1,raw,true,forward,workspace,10,0,0,1523723.142,1514728.484,1533394.468,6562.872
ndarray,10000,128,1,raw,true,transpose,overwrite,10,10,10240,16179329.325,16157965.756,16202743.514,618.073
ndarray,10000,128,1,raw,true,transpose,workspace,10,0,0,16186622.900,16160328.551,16214653.946,617.794
ndarray,10000,128,1,raw,false,transpose,overwrite,10,0,0,16270696.450,16219819.374,16322711.302,614.602
ndarray,10000,128,1,raw,false,transpose,workspace,10,0,0,16289896.550,16249598.947,16331755.081,613.877
ndarray,10000,128,1,standardized,false,forward,overwrite,10,10,10240,1534946.154,1530222.869,1541009.941,6514.887
ndarray,10000,128,1,standardized,false,forward,workspace,10,0,0,1552281.888,1550913.736,1553721.521,6442.129
ndarray,10000,128,1,standardized,true,forward,overwrite,10,20,20480,1592128.200,1582104.499,1602125.003,6280.901
ndarray,10000,128,1,standardized,true,forward,workspace,10,10,10240,1556292.835,1553092.454,1561316.468,6425.526
ndarray,10000,128,1,standardized,true,transpose,overwrite,10,10,10240,16144220.075,16115174.227,16173698.639,619.417
ndarray,10000,128,1,standardized,true,transpose,workspace,10,10,10240,17745770.450,17344545.740,18120399.573,563.515
ndarray,10000,128,1,standardized,false,transpose,overwrite,10,0,0,16023874.875,16013197.044,16036177.112,624.069
ndarray,10000,128,1,standardized,false,transpose,workspace,10,0,0,16054781.675,16036740.207,16074258.053,622.867
ndarray,2000,32,1,centered,false,forward,overwrite,10,0,0,185755.541,185392.206,186101.548,53834.195
ndarray,2000,32,1,centered,false,forward,workspace,10,0,0,178924.456,178422.146,179521.070,55889.509
ndarray,2000,32,1,centered,true,forward,overwrite,10,10,2560,195520.136,195177.615,195859.080,51145.627
ndarray,2000,32,1,centered,true,forward,workspace,10,0,0,188299.789,185956.106,190393.442,53106.804
ndarray,2000,32,1,centered,true,transpose,overwrite,10,10,2560,464145.933,461959.025,466365.101,21544.948
ndarray,2000,32,1,centered,true,transpose,workspace,10,0,0,467096.419,462780.244,473768.844,21408.856
ndarray,2000,32,1,centered,false,transpose,overwrite,10,0,0,453347.369,452315.190,454499.728,22058.141
ndarray,2000,32,1,centered,false,transpose,workspace,10,0,0,453995.972,452770.159,455169.404,22026.627
ndarray,2000,32,1,raw,false,forward,overwrite,10,0,0,137597.507,134420.358,140514.115,72675.735
ndarray,2000,32,1,raw,false,forward,workspace,10,0,0,124272.538,113778.037,134406.844,80468.301
ndarray,2000,32,1,raw,true,forward,overwrite,10,10,2560,97252.728,97152.763,97356.969,102824.879
ndarray,2000,32,1,raw,true,forward,workspace,10,0,0,99916.786,98260.644,102026.076,100083.284
ndarray,2000,32,1,raw,true,transpose,overwrite,10,10,2560,384346.913,383777.781,384948.653,26018.161
ndarray,2000,32,1,raw,true,transpose,workspace,10,0,0,401847.721,389424.479,415166.487,24885.048
ndarray,2000,32,1,raw,false,transpose,overwrite,10,0,0,424426.143,417751.890,431674.152,23561.225
ndarray,2000,32,1,raw,false,transpose,workspace,10,0,0,374809.908,373638.943,376253.897,26680.191
ndarray,2000,32,1,standardized,false,forward,overwrite,10,10,2560,184126.460,183723.344,184573.306,54310.500
ndarray,2000,32,1,standardized,false,forward,workspace,10,0,0,121166.977,113063.323,129643.007,82530.738
ndarray,2000,32,1,standardized,true,forward,overwrite,10,20,5120,121368.698,113247.613,131230.648,82393.567
ndarray,2000,32,1,standardized,true,forward,workspace,10,10,2560,184670.682,184509.174,184844.478,54150.447
ndarray,2000,32,1,standardized,true,transpose,overwrite,10,10,2560,437218.269,435790.650,438443.742,22871.871
ndarray,2000,32,1,standardized,true,transpose,workspace,10,10,2560,436530.922,435910.603,437296.204,22907.885
ndarray,2000,32,1,standardized,false,transpose,overwrite,10,0,0,445659.306,444674.311,446615.909,22438.665
ndarray,2000,32,1,standardized,false,transpose,workspace,10,0,0,384367.013,384150.894,384597.890,26016.801
sprs_csc,10000,128,0.01,centered,false,forward,overwrite,10,0,0,84615.907,84577.028,84657.508,118181.089
sprs_csc,10000,128,0.01,centered,false,forward,workspace,10,0,0,114447.514,114390.113,114500.702,87376.297
sprs_csc,10000,128,0.01,centered,true,forward,overwrite,10,10,10240,124736.836,124622.143,124858.116,80168.780
sprs_csc,10000,128,0.01,centered,true,forward,workspace,10,0,0,154313.203,154110.929,154616.906,64803.269
sprs_csc,10000,128,0.01,centered,true,transpose,overwrite,10,10,10240,178101.249,178014.750,178200.257,56147.838
sprs_csc,10000,128,0.01,centered,true,transpose,workspace,10,0,0,178581.310,178523.046,178652.203,55996.901
sprs_csc,10000,128,0.01,centered,false,transpose,overwrite,10,0,0,122408.475,122164.567,122787.752,81693.690
sprs_csc,10000,128,0.01,centered,false,transpose,workspace,10,0,0,122719.501,122665.490,122789.838,81486.642
sprs_csc,10000,128,0.01,raw,false,forward,overwrite,10,0,0,71970.339,71836.886,72122.010,138946.130
sprs_csc,10000,128,0.01,raw,false,forward,workspace,10,0,0,74026.340,73866.478,74284.995,135087.051
sprs_csc,10000,128,0.01,raw,true,forward,overwrite,10,10,10240,114035.071,113976.456,114098.801,87692.320
sprs_csc,10000,128,0.01,raw,true,forward,workspace,10,0,0,113958.195,113873.190,114044.033,87751.478
sprs_csc,10000,128,0.01,raw,true,transpose,overwrite,10,10,10240,122920.984,122867.231,122978.454,81353.075
sprs_csc,10000,128,0.01,raw,true,transpose,workspace,10,0,0,122833.644,122780.892,122886.890,81410.920
sprs_csc,10000,128,0.01,raw,false,transpose,overwrite,10,0,0,68348.478,68291.169,68416.643,146309.037
sprs_csc,10000,128,0.01,raw,false,transpose,workspace,10,0,0,66896.882,66875.691,66917.056,149483.797
sprs_csc,10000,128,0.01,standardized,false,forward,overwrite,10,10,10240,83356.983,83262.173,83439.830,119965.955
sprs_csc,10000,128,0.01,standardized,false,forward,workspace,10,0,0,113052.747,112925.750,113207.821,88454.286
sprs_csc,10000,128,0.01,standardized,true,forward,overwrite,10,20,20480,125214.774,125150.142,125286.629,79862.781
sprs_csc,10000,128,0.01,standardized,true,forward,workspace,10,10,10240,154739.095,154669.690,154828.316,64624.909
sprs_csc,10000,128,0.01,standardized,true,transpose,overwrite,10,10,10240,178522.646,178449.005,178592.236,56015.302
sprs_csc,10000,128,0.01,standardized,true,transpose,workspace,10,10,10240,180817.404,180452.109,181184.657,55304.411
sprs_csc,10000,128,0.01,standardized,false,transpose,overwrite,10,0,0,122601.592,122521.140,122682.978,81565.009
sprs_csc,10000,128,0.01,standardized,false,transpose,workspace,10,0,0,123525.948,123429.685,123682.104,80954.651
sprs_csc,10000,128,0.1,centered,false,forward,overwrite,10,0,0,702743.676,701357.201,704218.623,14229.940
sprs_csc,10000,128,0.1,centered,false,forward,workspace,10,0,0,732349.165,731452.605,733238.690,13654.689
sprs_csc,10000,128,0.1,centered,true,forward,overwrite,10,10,10240,745545.820,742941.195,748881.545,13412.992
sprs_csc,10000,128,0.1,centered,true,forward,workspace,10,0,0,773646.155,772871.914,774414.334,12925.806
sprs_csc,10000,128,0.1,centered,true,transpose,overwrite,10,10,10240,872614.691,872153.383,873097.999,11459.812
sprs_csc,10000,128,0.1,centered,true,transpose,workspace,10,0,0,871610.835,871036.659,872232.973,11473.010
sprs_csc,10000,128,0.1,centered,false,transpose,overwrite,10,0,0,816776.971,816375.055,817254.977,12243.244
sprs_csc,10000,128,0.1,centered,false,transpose,workspace,10,0,0,818082.329,816555.116,820723.393,12223.709
sprs_csc,10000,128,0.1,raw,false,forward,overwrite,10,0,0,700682.627,697671.412,703688.082,14271.797
sprs_csc,10000,128,0.1,raw,false,forward,workspace,10,0,0,695351.592,693676.539,697256.960,14381.214
sprs_csc,10000,128,0.1,raw,true,forward,overwrite,10,10,10240,733585.562,732569.257,734706.568,13631.675
sprs_csc,10000,128,0.1,raw,true,forward,workspace,10,0,0,732999.116,731940.140,734235.093,13642.581
sprs_csc,10000,128,0.1,raw,true,transpose,overwrite,10,10,10240,818092.739,817489.422,818760.267,12223.553
sprs_csc,10000,128,0.1,raw,true,transpose,workspace,10,0,0,817896.474,817088.554,819234.567,12226.486
sprs_csc,10000,128,0.1,raw,false,transpose,overwrite,10,0,0,760253.552,759867.512,760617.420,13153.506
sprs_csc,10000,128,0.1,raw,false,transpose,workspace,10,0,0,760315.655,759568.132,761334.543,13152.432
sprs_csc,10000,128,0.1,standardized,false,forward,overwrite,10,10,10240,704616.222,702593.104,706850.854,14192.123
sprs_csc,10000,128,0.1,standardized,false,forward,workspace,10,0,0,738450.447,735061.709,741986.258,13541.870
sprs_csc,10000,128,0.1,standardized,true,forward,overwrite,10,20,20480,743616.898,742880.249,744427.420,13447.785
sprs_csc,10000,128,0.1,standardized,true,forward,workspace,10,10,10240,774604.660,772990.135,777161.653,12909.811
sprs_csc,10000,128,0.1,standardized,true,transpose,overwrite,10,10,10240,873873.500,873284.892,874577.111,11443.304
sprs_csc,10000,128,0.1,standardized,true,transpose,workspace,10,10,10240,874102.742,873678.115,874524.569,11440.303
sprs_csc,10000,128,0.1,standardized,false,transpose,overwrite,10,0,0,815956.514,815415.142,816496.077,12255.555
sprs_csc,10000,128,0.1,standardized,false,transpose,workspace,10,0,0,818559.951,818043.724,819074.231,12216.576
sprs_csc,2000,32,0.01,centered,false,forward,overwrite,10,0,0,7726.194,7704.705,7752.892,1294298.398
sprs_csc,2000,32,0.01,centered,false,forward,workspace,10,0,0,13572.754,13557.431,13594.123,736770.153
sprs_csc,2000,32,0.01,centered,true,forward,overwrite,10,10,2560,15669.477,15654.788,15691.026,638183.411
sprs_csc,2000,32,0.01,centered,true,forward,workspace,10,0,0,21472.292,21462.757,21481.858,465716.461
sprs_csc,2000,32,0.01,centered,true,transpose,overwrite,10,10,2560,25906.613,25885.278,25925.728,386001.828
sprs_csc,2000,32,0.01,centered,true,transpose,workspace,10,0,0,26289.318,26272.895,26308.110,380382.630
sprs_csc,2000,32,0.01,centered,false,transpose,overwrite,10,0,0,14772.339,14709.451,14838.925,676940.887
sprs_csc,2000,32,0.01,centered,false,transpose,workspace,10,0,0,14910.951,14900.051,14920.054,670648.054
sprs_csc,2000,32,0.01,raw,false,forward,overwrite,10,0,0,5523.486,5518.000,5529.156,1810450.725
sprs_csc,2000,32,0.01,raw,false,forward,workspace,10,0,0,5556.576,5550.494,5563.067,1799669.323
sprs_csc,2000,32,0.01,raw,true,forward,overwrite,10,10,2560,13567.748,13553.168,13592.388,737042.002
sprs_csc,2000,32,0.01,raw,true,forward,workspace,10,0,0,13525.902,13513.590,13542.284,739322.202
sprs_csc,2000,32,0.01,raw,true,transpose,overwrite,10,10,2560,15053.838,15042.039,15068.273,664282.444
sprs_csc,2000,32,0.01,raw,true,transpose,workspace,10,0,0,14924.131,14917.655,14931.239,670055.774
sprs_csc,2000,32,0.01,raw,false,transpose,overwrite,10,0,0,3558.760,3557.442,3560.199,2809967.657
sprs_csc,2000,32,0.01,raw,false,transpose,workspace,10,0,0,3615.768,3604.709,3636.130,2765664.250
sprs_csc,2000,32,0.01,standardized,false,forward,overwrite,10,10,2560,7878.074,7863.694,7898.307,1269345.707
sprs_csc,2000,32,0.01,standardized,false,forward,workspace,10,0,0,13905.003,13809.464,14001.408,719165.618
sprs_csc,2000,32,0.01,standardized,true,forward,overwrite,10,20,5120,15800.674,15788.377,15819.102,632884.377
sprs_csc,2000,32,0.01,standardized,true,forward,workspace,10,10,2560,21674.780,21661.175,21692.096,461365.702
sprs_csc,2000,32,0.01,standardized,true,transpose,overwrite,10,10,2560,25910.005,25900.567,25920.155,385951.298
sprs_csc,2000,32,0.01,standardized,true,transpose,workspace,10,10,2560,26583.118,26570.227,26594.554,376178.599
sprs_csc,2000,32,0.01,standardized,false,transpose,overwrite,10,0,0,14784.270,14781.950,14786.623,676394.566
sprs_csc,2000,32,0.01,standardized,false,transpose,workspace,10,0,0,14982.439,14969.280,14998.018,667448.078
sprs_csc,2000,32,0.1,centered,false,forward,overwrite,10,0,0,33184.287,33162.820,33208.181,301347.444
sprs_csc,2000,32,0.1,centered,false,forward,workspace,10,0,0,39017.945,38963.062,39076.507,256292.327
sprs_csc,2000,32,0.1,centered,true,forward,overwrite,10,10,2560,40912.487,40859.914,40958.856,244424.153
sprs_csc,2000,32,0.1,centered,true,forward,workspace,10,0,0,47148.866,47083.967,47253.451,212094.179
sprs_csc,2000,32,0.1,centered,true,transpose,overwrite,10,10,2560,56489.674,56430.611,56543.606,177023.504
sprs_csc,2000,32,0.1,centered,true,transpose,workspace,10,0,0,56532.864,56476.559,56611.210,176888.262
sprs_csc,2000,32,0.1,centered,false,transpose,overwrite,10,0,0,45533.419,45508.824,45563.260,219618.915
sprs_csc,2000,32,0.1,centered,false,transpose,workspace,10,0,0,45317.610,45301.374,45332.362,220664.773
sprs_csc,2000,32,0.1,raw,false,forward,overwrite,10,0,0,36380.307,33725.250,39197.829,274873.984
sprs_csc,2000,32,0.1,raw,false,forward,workspace,10,0,0,30850.010,30818.524,30886.278,324149.002
sprs_csc,2000,32,0.1,raw,true,forward,overwrite,10,10,2560,38963.208,38941.154,38990.083,256652.376
sprs_csc,2000,32,0.1,raw,true,forward,workspace,10,0,0,38874.113,38847.265,38898.999,257240.598
sprs_csc,2000,32,0.1,raw,true,transpose,overwrite,10,10,2560,45670.118,45445.843,45978.227,218961.552
sprs_csc,2000,32,0.1,raw,true,transpose,workspace,10,0,0,45429.277,45386.666,45479.966,220122.366
sprs_csc,2000,32,0.1,raw,false,transpose,overwrite,10,0,0,34135.850,34112.576,34166.905,292947.155
sprs_csc,2000,32,0.1,raw,false,transpose,workspace,10,0,0,34088.913,34069.440,34107.802,293350.506
sprs_csc,2000,32,0.1,standardized,false,forward,overwrite,10,10,2560,33407.387,33382.167,33436.103,299334.996
sprs_csc,2000,32,0.1,standardized,false,forward,workspace,10,0,0,39195.377,39155.747,39239.354,255132.133
sprs_csc,2000,32,0.1,standardized,true,forward,overwrite,10,20,5120,40965.340,40944.379,40985.951,244108.801
sprs_csc,2000,32,0.1,standardized,true,forward,workspace,10,10,2560,47113.940,47086.696,47142.706,212251.406
sprs_csc,2000,32,0.1,standardized,true,transpose,overwrite,10,10,2560,56443.138,56382.833,56501.792,177169.456
sprs_csc,2000,32,0.1,standardized,true,transpose,workspace,10,10,2560,56825.127,56787.731,56868.403,175978.488
sprs_csc,2000,32,0.1,standardized,false,transpose,overwrite,10,0,0,45312.251,45284.531,45348.757,220690.868
sprs_csc,2000,32,0.1,standardized,false,transpose,workspace,10,0,0,45429.431,45411.584,45449.170,220121.623
"zarrs_[1024, 32]",10000,128,1,centered,false,forward,overwrite,10,6800,209844000,19577927.350,19570328.875,19585921.261,510.779
"zarrs_[1024, 32]",10000,128,1,centered,false,forward,workspace,10,6800,209844000,19616707.250,19607704.424,19627357.910,509.770
"zarrs_[1024, 32]",10000,128,1,centered,true,forward,overwrite,10,6810,209854240,19617689.600,19608499.723,19628995.988,509.744
"zarrs_[1024, 32]",10000,128,1,centered,true,forward,workspace,10,6800,209844000,19633016.125,19627289.341,19639212.164,509.346
"zarrs_[1024, 32]",10000,128,1,centered,true,transpose,overwrite,10,6810,209854240,7488520.233,7484364.252,7492887.484,1335.377
"zarrs_[1024, 32]",10000,128,1,centered,true,transpose,workspace,10,6800,209844000,7485547.250,7482137.104,7489545.912,1335.908
"zarrs_[1024, 32]",10000,128,1,centered,false,transpose,overwrite,10,6800,209844000,7438466.800,7434281.525,7442882.242,1344.363
"zarrs_[1024, 32]",10000,128,1,centered,false,transpose,workspace,10,6800,209844000,7440856.333,7435482.297,7447281.711,1343.931
"zarrs_[1024, 32]",10000,128,1,raw,false,forward,overwrite,10,6800,209844000,19579488.300,19572705.961,19587087.561,510.739
"zarrs_[1024, 32]",10000,128,1,raw,false,forward,workspace,10,6800,209844000,19588465.200,19580619.981,19597096.544,510.505
"zarrs_[1024, 32]",10000,128,1,raw,true,forward,overwrite,10,6810,209854240,19630666.450,19622059.225,19641517.644,509.407
"zarrs_[1024, 32]",10000,128,1,raw,true,forward,workspace,10,6800,209844000,19616072.500,19610363.097,19622261.421,509.786
"zarrs_[1024, 32]",10000,128,1,raw,true,transpose,overwrite,10,6810,209854240,7465595.850,7459358.037,7471969.100,1339.478
"zarrs_[1024, 32]",10000,128,1,raw,true,transpose,workspace,10,6800,209844000,7450453.133,7445043.483,7455966.211,1342.200
"zarrs_[1024, 32]",10000,128,1,raw,false,transpose,overwrite,10,6800,209844000,7522683.717,7518207.369,7528104.541,1329.313
"zarrs_[1024, 32]",10000,128,1,raw,false,transpose,workspace,10,6800,209844000,7542106.617,7529608.313,7560101.663,1325.890
"zarrs_[1024, 32]",10000,128,1,standardized,false,forward,overwrite,10,6810,209854240,19654375.025,19632439.837,19675977.682,508.793
"zarrs_[1024, 32]",10000,128,1,standardized,false,forward,workspace,10,6800,209844000,20323024.525,20002676.124,20670334.047,492.053
"zarrs_[1024, 32]",10000,128,1,standardized,true,forward,overwrite,10,6820,209864480,19614386.600,19605505.313,19624919.764,509.830
"zarrs_[1024, 32]",10000,128,1,standardized,true,forward,workspace,10,6810,209854240,19657597.225,19650935.351,19665844.360,508.709
"zarrs_[1024, 32]",10000,128,1,standardized,true,transpose,overwrite,10,6810,209854240,7502361.700,7498069.370,7507052.188,1332.914
"zarrs_[1024, 32]",10000,128,1,standardized,true,transpose,workspace,10,6810,209854240,7505128.900,7499960.397,7511307.532,1332.422
"zarrs_[1024, 32]",10000,128,1,standardized,false,transpose,overwrite,10,6800,209844000,7601576.850,7597538.200,7605498.122,1315.517
"zarrs_[1024, 32]",10000,128,1,standardized,false,transpose,workspace,10,6800,209844000,12428188.650,10562307.940,14329411.584,804.622
"zarrs_[1024, 32]",2000,32,1,centered,false,forward,overwrite,10,340,10492200,977253.696,976360.153,978279.962,10232.757
"zarrs_[1024, 32]",2000,32,1,centered,false,forward,workspace,10,340,10492200,988327.537,987458.892,989140.945,10118.103
"zarrs_[1024, 32]",2000,32,1,centered,true,forward,overwrite,10,350,10494760,1001230.535,995830.908,1009020.649,9987.710
"zarrs_[1024, 32]",2000,32,1,centered,true,forward,workspace,10,340,10492200,1007130.793,1002473.835,1012688.797,9929.197
"zarrs_[1024, 32]",2000,32,1,centered,true,transpose,overwrite,10,350,10494760,386657.769,385734.406,387793.810,25862.664
"zarrs_[1024, 32]",2000,32,1,centered,true,transpose,workspace,10,340,10492200,386148.689,385597.132,386805.279,25896.760
"zarrs_[1024, 32]",2000,32,1,centered,false,transpose,overwrite,10,340,10492200,372094.200,371679.305,372451.000,26874.915
"zarrs_[1024, 32]",2000,32,1,centered,false,transpose,workspace,10,340,10492200,373242.708,373005.806,373490.436,26792.218
"zarrs_[1024, 32]",2000,32,1,raw,false,forward,overwrite,10,340,10492200,976897.844,975688.685,978784.652,10236.485
"zarrs_[1024, 32]",2000,32,1,raw,false,forward,workspace,10,340,10492200,981980.967,981212.702,982894.947,10183.497
"zarrs_[1024, 32]",2000,32,1,raw,true,forward,overwrite,10,350,10494760,990568.568,990037.878,991124.237,10095.212
"zarrs_[1024, 32]",2000,32,1,raw,true,forward,workspace,10,340,10492200,988713.580,988320.157,989143.769,10114.153
"zarrs_[1024, 32]",2000,32,1,raw,true,transpose,overwrite,10,350,10494760,374219.592,373916.890,374526.581,26722.278
"zarrs_[1024, 32]",2000,32,1,raw,true,transpose,workspace,10,340,10492200,373361.294,373011.526,373730.637,26783.708
"zarrs_[1024, 32]",2000,32,1,raw,false,transpose,overwrite,10,340,10492200,361790.043,361654.891,361919.910,27640.341
"zarrs_[1024, 32]",2000,32,1,raw,false,transpose,workspace,10,340,10492200,361438.356,361111.679,361762.084,27667.235
"zarrs_[1024, 32]",2000,32,1,standardized,false,forward,overwrite,10,350,10494760,997152.490,992719.298,1001770.692,10028.556
"zarrs_[1024, 32]",2000,32,1,standardized,false,forward,workspace,10,340,10492200,993358.857,992571.479,994172.865,10066.855
"zarrs_[1024, 32]",2000,32,1,standardized,true,forward,overwrite,10,360,10497320,1014723.603,1010535.471,1019057.150,9854.900
"zarrs_[1024, 32]",2000,32,1,standardized,true,forward,workspace,10,350,10494760,1016998.638,1013793.884,1020205.471,9832.855
"zarrs_[1024, 32]",2000,32,1,standardized,true,transpose,overwrite,10,350,10494760,387129.989,386431.108,387864.952,25831.117
"zarrs_[1024, 32]",2000,32,1,standardized,true,transpose,workspace,10,350,10494760,387940.487,387261.033,388656.558,25777.150
"zarrs_[1024, 32]",2000,32,1,standardized,false,transpose,overwrite,10,340,10492200,374575.005,374035.611,375063.533,26696.923
"zarrs_[1024, 32]",2000,32,1,standardized,false,transpose,workspace,10,340,10492200,374306.364,373424.660,375694.425,26716.083
"zarrs_[256, 16]",10000,128,1,centered,false,forward,overwrite,10,54400,210745600,16275637.675,16266044.113,16286360.102,614.415
"zarrs_[256, 16]",10000,128,1,centered,false,forward,workspace,10,54400,210745600,16316675.300,16307590.261,16326905.213,612.870
"zarrs_[256, 16]",10000,128,1,centered,true,forward,overwrite,10,54410,210755840,16374403.275,16366065.220,16382923.080,610.709
"zarrs_[256, 16]",10000,128,1,centered,true,forward,workspace,10,54400,210745600,16463498.350,16455199.551,16472417.151,607.404
"zarrs_[256, 16]",10000,128,1,centered,true,transpose,overwrite,10,54410,210755840,10227482.325,10220799.000,10234049.956,977.758
"zarrs_[256, 16]",10000,128,1,centered,true,transpose,workspace,10,54400,210745600,10345900.775,10338886.049,10353486.744,966.566
"zarrs_[256, 16]",10000,128,1,centered,false,transpose,overwrite,10,54400,210745600,10131444.150,10105427.412,10178510.217,987.026
"zarrs_[256, 16]",10000,128,1,centered,false,transpose,workspace,10,54400,210745600,10204818.275,10115830.924,10342479.498,979.929
"zarrs_[256, 16]",10000,128,1,raw,false,forward,overwrite,10,54400,210745600,17036414.300,17020534.416,17052692.938,586.978
"zarrs_[256, 16]",10000,128,1,raw,false,forward,workspace,10,54400,210745600,16770012.050,16760962.597,16778467.291,596.302
"zarrs_[256, 16]",10000,128,1,raw,true,forward,overwrite,10,54410,210755840,16490867.025,16484433.014,16497185.127,606.396
"zarrs_[256, 16]",10000,128,1,raw,true,forward,workspace,10,54400,210745600,16323932.925,16317049.056,16330639.929,612.597
"zarrs_[256, 16]",10000,128,1,raw,true,transpose,overwrite,10,54410,210755840,10394069.125,10380780.726,10406430.535,962.087
"zarrs_[256, 16]",10000,128,1,raw,true,transpose,workspace,10,54400,210745600,10184974.425,10178040.044,10191937.156,981.838
"zarrs_[256, 16]",10000,128,1,raw,false,transpose,overwrite,10,54400,210745600,10432902.875,10403461.089,10467624.810,958.506
"zarrs_[256, 16]",10000,128,1,raw,false,transpose,workspace,10,54400,210745600,10138471.300,10133122.180,10144623.376,986.342
"zarrs_[256, 16]",10000,128,1,standardized,false,forward,overwrite,10,54410,210755840,16389691.575,16382506.018,16397402.619,610.140
"zarrs_[256, 16]",10000,128,1,standardized,false,forward,workspace,10,54400,210745600,16395875.050,16386132.637,16406069.070,609.910
"zarrs_[256, 16]",10000,128,1,standardized,true,forward,overwrite,10,54420,210766080,16593799.700,16431638.405,16904823.121,602.635
"zarrs_[256, 16]",10000,128,1,standardized,true,forward,workspace,10,54410,210755840,16501112.300,16493666.426,16508961.506,606.020
"zarrs_[256, 16]",10000,128,1,standardized,true,transpose,overwrite,10,54410,210755840,10327460.400,10319762.744,10336273.526,968.292
"zarrs_[256, 16]",10000,128,1,standardized,true,transpose,workspace,10,54410,210755840,10380808.600,10371820.500,10389511.895,963.316
"zarrs_[256, 16]",10000,128,1,standardized,false,transpose,overwrite,10,54400,210745600,10222015.125,10212956.857,10233083.594,978.281
"zarrs_[256, 16]",10000,128,1,standardized,false,transpose,workspace,10,54400,210745600,10304584.450,10287524.642,10330960.989,970.442
"zarrs_[256, 16]",2000,32,1,centered,false,forward,overwrite,10,2720,10537280,815652.741,814222.855,817450.427,12260.119
"zarrs_[256, 16]",2000,32,1,centered,false,forward,workspace,10,2720,10537280,827333.990,826016.502,828824.678,12087.017
"zarrs_[256, 16]",2000,32,1,centered,true,forward,overwrite,10,2730,10539840,831055.578,829725.097,832714.416,12032.890
"zarrs_[256, 16]",2000,32,1,centered,true,forward,workspace,10,2720,10537280,822460.791,821371.848,824024.688,12158.634
"zarrs_[256, 16]",2000,32,1,centered,true,transpose,overwrite,10,2730,10539840,516499.273,516054.890,516962.482,19361.111
"zarrs_[256, 16]",2000,32,1,centered,true,transpose,workspace,10,2720,10537280,509037.655,508773.409,509272.908,19644.912
"zarrs_[256, 16]",2000,32,1,centered,false,transpose,overwrite,10,2720,10537280,497453.461,497058.280,497929.049,20102.383
"zarrs_[256, 16]",2000,32,1,centered,false,transpose,workspace,10,2720,10537280,502308.759,502081.811,502568.642,19908.074
"zarrs_[256, 16]",2000,32,1,raw,false,forward,overwrite,10,2720,10537280,1321287.151,1319202.965,1323577.765,7568.378
"zarrs_[256, 16]",2000,32,1,raw,false,forward,workspace,10,2720,10537280,1317494.929,1315554.753,1319639.272,7590.162
"zarrs_[256, 16]",2000,32,1,raw,true,forward,overwrite,10,2730,10539840,1278041.829,1269145.974,1286613.561,7824.470
"zarrs_[256, 16]",2000,32,1,raw,true,forward,workspace,10,2720,10537280,814673.302,813440.491,815970.120,12274.859
"zarrs_[256, 16]",2000,32,1,raw,true,transpose,overwrite,10,2730,10539840,498022.231,497400.783,498916.096,20079.425
"zarrs_[256, 16]",2000,32,1,raw,true,transpose,workspace,10,2720,10537280,499912.019,499303.218,500705.266,20003.520
"zarrs_[256, 16]",2000,32,1,raw,false,transpose,overwrite,10,2720,10537280,789604.387,788679.654,790783.318,12664.570
"zarrs_[256, 16]",2000,32,1,raw,false,transpose,workspace,10,2720,10537280,789651.276,788715.095,790734.853,12663.818
"zarrs_[256, 16]",2000,32,1,standardized,false,forward,overwrite,10,2730,10539840,816275.546,815314.114,817469.613,12250.765
"zarrs_[256, 16]",2000,32,1,standardized,false,forward,workspace,10,2720,10537280,819314.929,818892.988,819709.269,12205.319
"zarrs_[256, 16]",2000,32,1,standardized,true,forward,overwrite,10,2740,10542400,822723.742,822228.765,823205.290,12154.748
"zarrs_[256, 16]",2000,32,1,standardized,true,forward,workspace,10,2730,10539840,828415.677,825775.572,831902.792,12071.235
"zarrs_[256, 16]",2000,32,1,standardized,true,transpose,overwrite,10,2730,10539840,515106.249,514791.677,515427.415,19413.471
"zarrs_[256, 16]",2000,32,1,standardized,true,transpose,workspace,10,2730,10539840,517890.248,517563.103,518235.651,19309.110
"zarrs_[256, 16]",2000,32,1,standardized,false,transpose,overwrite,10,2720,10537280,500208.042,499565.023,501208.242,19991.682
"zarrs_[256, 16]",2000,32,1,standardized,false,transpose,workspace,10,2720,10537280,501739.957,501502.249,502008.797,19930.643
